LGA Name,Male,Female,Median Age,0-14,15-24,25-34,35-44,45-54,55-64,65-74,75-84,85+,Married,Bachelor Degree level and above,Advanced Diploma and Diploma level,Australia,"No Religion, so described",Catholic,English only spoken at home,Worked full-time,Worked part-time,Professionals,Clerical and Administrative Workers,Technicians and Trades Workers,PersonalMedianIncomeWeekly,FamilyMedianIncomeWeekly,People who travelled to work by public transport,People who travelled to work by car as driver or passenger,Couple family without children,Couple family with children
Unincorporated ACT,49.2,50.8,35,18.7,14.1,16.7,14.7,12.8,10.4,7.5,3.6,1.6,47.9,37.2,9.2,68,36.2,22.3,72.7,63.5,26.4,30.5,16.9,9.6,1000,2445,7.1,71.3,37.7,47.1
Albury (C),48.3,51.7,39,18.8,13.3,12.7,12.1,12.7,12.5,9.6,5.7,2.6,45.7,15.9,8.5,81.4,27.5,25.6,86.4,55.3,32.9,19.7,13.1,14.7,642,1532,0.9,79.8,40.8,40.2
Greater Hume Shire (A),50.1,49.9,44,21.6,10.4,8.7,10.4,13.7,15.2,12,5.4,2.5,55.3,11.4,8.6,86.2,21.3,21.8,91.8,56.4,32.5,13.3,11.3,13.9,600,1439,0.4,66.4,44.1,42.4
Armidale Regional (A),48.3,51.7,36,18.1,18.2,11.8,10.6,12.4,12,9.3,5.4,2.2,42.9,23.2,7.2,79.5,27.4,20.2,84.7,53.4,33.4,23.3,12.4,11.1,561,1465,0.7,71.6,41.5,38.8
Inner West (A),48.7,51.3,36,15.3,10.7,20.3,17.4,13.9,10.2,6.7,3.8,1.7,38.7,41.7,8.9,58.1,40.4,22.4,64.4,64.8,26.2,37.6,12.8,8.5,957,2498,38.2,40,41.2,42.6
Cabonne (A),50,50,43,21.5,10.6,9,11.7,14.1,13.3,11.7,5.9,2.3,56.1,14.3,8.6,86.3,17.5,27.9,91.3,60,29.8,16.5,11.8,14.4,631,1618,0.4,69.7,41.9,45.2
Parramatta (C),50,50,34,18.4,11.7,20.3,15.8,11.8,9.9,6.7,3.8,1.7,55.4,37.2,9.3,44.7,24.5,20.8,41.7,62.9,26,31.7,15.4,10.3,722,1933,27.6,58.8,32.9,52.2
Cumberland (A),51.4,48.6,32,20.5,13.7,19.5,14.1,11.4,9.5,6.2,3.4,1.5,53.3,22.2,8.5,41.7,13.8,24,28.9,56.9,28.5,18.9,14.2,15.4,501,1436,25.7,62.4,26.8,54.5
Ballina (A),48.2,51.8,48,16.7,9.5,8.6,11.2,13.8,15.4,13.1,7.7,4.2,48.9,18.8,9.5,81.3,30.2,21.9,89.1,50.6,38.5,22.3,11.6,13.7,601,1426,1,73.9,45.9,36.2
Balranald (A),51.4,48.6,41,21,11.7,10.2,11.8,12.5,16.8,8.9,5.7,1.5,49.9,7.1,4.4,81.7,20.8,35.7,83.2,59.4,29.2,8.5,10.7,11.9,624,1438,0.6,66.7,43.2,41.1
Hornsby (A),48.8,51.2,40,19.5,12.7,10.3,14.5,14.8,12.1,8.5,5,2.7,58.8,38.4,10.6,59.5,28.9,21.4,65.3,60.4,30.8,33.7,14.6,9.8,793,2372,27.2,57.5,30.9,56.5
Canterbury-Bankstown (A),49.8,50.2,35,20.5,13.4,15.3,13.5,12.7,10.7,7.2,4.6,2.2,51.3,19.7,8.6,49.6,15,23.4,34.1,56.8,29.8,18.9,15.1,14,502,1437,22.1,65.3,26.9,52.8
Port Macquarie-Hastings (A),48,52,48,16.7,9.6,8.5,10.3,13,14.3,15,8.9,3.8,50.5,13.4,9.1,81.4,25.6,23.1,90.8,52.4,35.6,19.7,13.2,14.7,540,1300,0.7,76.3,49.1,33.4
Bathurst Regional (A),50.1,49.9,37,19.7,14.8,12.5,11.8,12.7,12.1,9.3,4.9,2.2,45,16.1,8.1,83.7,22.4,31.1,87,57.8,30.6,18.9,12,14.5,646,1632,0.7,76.6,38.3,42.5
The Hills Shire (A),49.3,50.7,38,21.3,13.4,10.4,15,14.5,11.8,8.6,3.6,1.3,61.6,33.5,11.1,61.7,21.2,28.9,65.3,62.3,29.4,29,16.2,10.4,827,2464,16.1,69.3,28.8,60.4
Bega Valley (A),48.9,51.1,51,15.8,9,7.5,9.4,14,18.5,15.2,7.7,3,49.3,15,8.3,79.5,35.1,17.9,89.5,50.1,38.1,16,10.9,15.4,538,1242,0.7,69.9,52.7,32.2
Bellingen (A),48.3,51.7,49,17.4,8.8,7.6,10.5,14.4,17.7,13.6,7.3,2.9,44.9,18.6,9.3,80.5,39.5,14.7,90.4,45.3,41.9,21.4,10.2,14,515,1218,0.6,66.9,46.1,33.9
Nambucca (A),49,51,51,16.6,9.2,7.5,9.1,12.7,17.3,15.7,8.2,3.7,44.9,10.4,7.4,81.5,29.2,19.4,90.1,45.5,38.8,15.9,10.6,14.9,467,1080,0.8,71.6,48.5,30.2
Berrigan (A),49.9,50.1,49,17.1,8.9,8.9,10,11.1,15.4,16.2,8.7,3.7,52.4,8.6,6.6,81.3,22.7,26.5,87.4,54.9,32.8,12.2,10.1,13.2,524,1251,0.5,67.3,52,34
Blacktown (C),49.7,50.3,33,22.8,13.7,15.5,15.3,12.5,10,6.3,2.8,1.1,52.3,22,8.8,54.1,15,29.2,53.7,62.7,25.3,19,16.4,12.7,672,1817,19.7,70.1,24.8,55.5
Wollongong (C),49.4,50.6,39,17.9,14,12.8,12.7,13,12,9.2,5.9,2.6,46.7,19.9,9,72.7,27.8,25.6,78.2,55.2,32.7,23.2,13.6,14.8,584,1710,7.5,73.6,36.3,44.6
Bland (A),49.9,50.1,43,20.6,10.1,10,11.4,12,14.5,10.5,7.5,3.5,53.9,8.5,5.3,82.2,13.8,26,86.2,61,29,10.5,9.4,13.8,580,1360,3.1,60.2,46,37.4
Blayney (A),49.8,50.2,42,20.6,10.8,9.8,11.8,14.2,14,10.4,6,2.3,50.4,13,7.4,85.8,20.8,28.6,91.5,58.1,30.5,14.2,11.4,14.3,620,1581,0.8,71,41.6,41.8
Blue Mountains (C),48.3,51.7,44,18.3,10.9,9,12.6,14.3,15.3,12,5.3,2.1,49.1,27.5,11.7,78.1,35.7,19.7,89.3,55.8,34.9,28.7,13.4,12.9,688,1866,11.8,66.9,39.7,44
Bogan (A),50.4,49.6,40,20.5,12,11.8,11.1,14.6,10.4,10.3,6.9,2.4,46.5,9.1,5.4,83.3,11.5,34.9,87,64.4,26.1,10.2,8.9,13.2,634,1561,4.7,62.6,42.2,40.3
Snowy Monaro Regional (A),51.7,48.3,43,17.1,11.1,11,12.2,15.1,14.3,11.2,5.6,2.3,47.2,14.9,8.4,77.3,29.8,23.6,85.4,60.9,30.1,13.7,11.5,14.1,675,1569,1.8,67.8,45.9,39.3
Hilltops (A),49.2,50.8,44,19.6,11.1,9,10.9,13.2,13.7,13,6.8,2.8,49.3,9.9,7,85.6,15.7,34.4,90.1,56.9,31.8,11.9,10.7,14,538,1261,0.4,69.1,44.5,37.1
Botany Bay (C),49.8,50.2,35,16.9,13.8,18.7,15.3,12.5,9.5,7,4.4,1.6,44.9,27,9.1,48.6,22.1,29.7,49.2,63,26.7,22.4,15.3,12.2,720,1921,26.9,55.8,33.6,47.6
Bourke (A),49.5,50.5,36,23.7,10.6,14,11,15.4,11.6,8.1,4,1.5,38.1,9.9,7.2,75.5,12.7,36.5,78,67.7,21.8,16.1,9.8,10.8,719,1562,0.4,62.3,36.6,38.4
Brewarrina (A),51.4,48.6,34,23,13.1,14.1,9.6,16.7,12.9,6.4,2.8,1.3,25.1,7.4,5.1,88.1,28.5,26.3,85.9,58.9,18.1,16.7,8,8,439,923,1.4,53.7,31.7,29.2
Broken Hill (C),48.7,51.3,45,16.6,10.8,12,10.5,13.3,15,11.6,6.9,3.3,41.3,8.6,5.5,87,35.2,23.2,88.7,55.9,28.8,16.1,10.9,14.8,527,1279,0.7,76.5,42.3,32.7
Burwood (A),48.3,51.7,33,13,17.9,21.3,11.9,11.8,9.8,6.7,4.9,2.7,45.5,35,8.6,37.4,32.7,24.6,31.4,55.4,32.3,28.7,13.7,10.7,552,1725,39.9,43.1,35.5,46.1
Byron (A),48.2,51.8,44,16.8,8.9,10.7,13.9,15.5,17.4,10.7,4,2.2,37.1,23.7,10.6,68.4,46.3,12.5,81.1,42.2,45.5,24.4,9.5,14.2,596,1389,1,63.6,39.8,38.1
Camden (A),49,51,33,24,13,15.2,15.3,12.6,9.5,6.4,2.9,1.3,55.4,16.2,10.3,77.4,18.9,34.4,81.2,64.5,26.2,17.8,16.6,15,821,2161,8.1,78.6,29.8,55.1
Campbelltown (C) (NSW),49,51,34,21.6,14.1,14.8,13.4,12.5,11.9,7.7,3.1,1.1,47.3,15.4,8.5,62,17.9,26.6,63.8,61.3,26.1,15.3,16.1,13.9,632,1597,18.4,70.8,27.9,48.8
Canada Bay (A),48.1,51.9,36,16.3,11.7,19,15.2,12.8,10.6,7.8,4.6,2.3,50.8,38,9.7,53.3,27.7,33.9,53.5,64.3,26.3,33.1,14.8,8.7,882,2361,29,54.6,39.8,45.5
Georges River (A),48.9,51.1,37,16.7,13.7,16.6,13.1,13.1,11.3,7.9,4.9,2.6,53.1,30.2,9.7,49.8,27.4,21.3,42.3,58.1,30.8,25.4,15.6,11.5,640,1817,31.3,54.8,33.3,49.8
Carrathool (A),52.2,47.8,40,19.9,11.5,13.3,12.2,14.7,13.9,7.5,4.9,2.2,49.8,10.1,6.4,79.8,18.1,28,86.3,61.7,27,7.1,8.8,8.8,681,1538,1.6,63.2,44,41.4
Murrumbidgee (A),52.8,47.2,41,20.6,11.1,11.3,11.8,14.1,13.8,9.8,5.7,1.8,49.4,9.2,6.3,81.4,18.7,28.9,86.7,61.6,26.8,9.1,10.6,10.3,659,1461,0.2,65.8,41.5,42.3
Richmond Valley (A),49.6,50.4,44,19.1,11.5,8.7,10.9,12.8,14.5,12.4,7.4,2.8,44.7,7.5,5.9,85.3,23.1,25.3,90.5,50.5,35.9,12,11.1,13.2,491,1191,0.6,74.2,42.1,36.2
Central Darling (A),53.1,46.9,39,19,12.5,13.7,11.1,13.3,14.5,10.7,3.9,1.2,33.2,5.1,4.7,80.2,22.3,29.5,81.1,66.9,15.8,10.4,6.1,4.8,460,1075,1.1,48.4,31.9,38.1
Cessnock (C),49.7,50.3,38,20.5,12.4,12.8,12.3,12.6,12.9,10,4.5,1.9,44.5,7.5,6.3,85.7,25.8,20.2,89.7,53.8,32,11.3,11.1,18,540,1414,0.9,77.4,36.5,40.8
Clarence Valley (A),49.6,50.4,49,16.4,9.8,8.2,10.1,13.2,16.5,14.6,7.9,3.2,47.1,9.9,7.1,83.8,26.4,20,90.3,48.9,36.2,15.4,12.2,14.2,477,1133,0.7,72.3,48.4,32.1
Cobar (A),51.5,48.5,36,22.1,10.9,15.3,12.6,12.5,12.7,7.4,4.6,1.7,45.7,9,4.8,80,19.2,33.8,84.5,66,20.9,12,9.2,18.5,706,1923,0.7,67.4,41.9,41.1
Coffs Harbour (C),48.4,51.6,44,18.3,11,10.5,11.3,13.2,14.7,11.6,6.6,2.8,46.8,14.8,9.1,78.4,31,19.4,85.3,51,36.7,18.7,13,13.5,566,1346,0.8,77,42.7,37
Edward River (A),49.2,50.8,45,17.9,11.1,9.8,11,12.6,15.4,11.4,7.5,3.3,47,10.1,6.9,82.4,26.7,24.2,87.4,57.5,31.7,14.6,11.8,12.6,595,1399,0.2,73.1,45.8,36.1
Coolamon (A),50,50,44,20.5,10.6,8,10.6,13.9,12.9,12.6,8,2.8,53.8,10.2,6.5,84.8,16.3,31.5,88.6,58.6,29.7,13.7,9.8,13.5,594,1418,0.8,68.4,44.8,40.6
Queanbeyan-Palerang Regional (A),50.2,49.8,38,19.5,12.1,13.7,14.1,16,12.5,7.6,3.3,1.2,50.3,23,9.9,75,28.7,26.9,80.8,65.6,24.8,20,18.3,13.3,933,2303,1.5,79.4,36.8,48.2
Coonamble (A),49.7,50.3,43,20.4,10.7,11.2,9.7,14.5,13.9,11.1,6,2.7,41.3,7.9,5.1,80.4,13.5,26.9,83.3,57.8,25,11.8,10.1,10.3,519,1218,0.6,64.2,41.4,31.9
Gundagai (A),49.5,50.5,47,18,9.8,8.7,10.6,12.4,14.7,13.6,8.7,3.5,51.3,9.2,7.1,85.8,15.2,31.5,91.3,56.5,32.1,12.8,10.4,13.5,539,1280,0.6,72.3,49,34.6
Federation (A),49.7,50.3,49,17.2,9.7,8.1,9.8,12.5,15.3,15.3,9,3.4,52.6,8.5,6.7,83.3,24.3,26.8,90,56.2,31.6,11.2,10,14.9,559,1299,0.3,71.5,51,34.1
Cowra (A),49.4,50.6,47,17.4,11.2,8.5,10.1,13.3,14.5,13.5,8,3.5,47.4,9,6.5,84.7,16.7,29,89,56,31.9,13.5,10.2,13.4,509,1225,0.4,71.2,46.2,35.4
Western Plains Regional (A),49.1,50.9,37,20.7,12.5,13.4,11.7,12.7,12.3,9.1,5.3,2.2,46,13.7,7.2,84.1,17.7,29,86.4,61.9,27.1,17.5,13,14.3,660,1525,0.6,78.8,38.4,40.2
Dungog (A),50.1,49.9,45,18.6,10.4,9,11.1,14.7,16.2,11.7,6.3,2,54.1,12.1,9.1,86.7,23.9,18,92.4,54.7,34.1,14.2,12.6,18,578,1474,0.7,71,44.3,40.7
Eurobodalla (A),49.1,50.9,54,14.4,8.2,7,9.2,12.5,18.2,17.7,9,3.7,49.9,13.4,8.3,77.7,31.1,21.5,88.9,46.4,40.5,15.9,12.4,16.1,512,1184,0.8,72.6,55.3,27.6
Fairfield (C),49.3,50.7,36,19.1,14.8,13.7,12.4,13.6,12.5,7.7,4.3,1.8,48.1,11.3,7.2,40.6,12.6,30.9,24.8,56.3,28.2,13.8,14,15,439,1263,14.8,74.7,23.3,51.2
Forbes (A),50.1,49.9,42,20.3,11.6,10.3,10.2,12.9,12.7,11.8,7.4,2.6,48.6,9.9,6.7,85.8,15.4,34.4,89,59.8,28.2,14.2,10.1,13.9,571,1326,0.8,71.8,44.4,37.1
Gilgandra (A),49.4,50.6,45,18.6,10.6,9.7,10.1,13,14.3,12,8.4,3.2,50,8.6,5.5,87.2,16.6,23.4,90.3,58.6,29.3,12.1,7.7,11.6,537,1199,0.2,62.7,46.2,33.2
Glen Innes Severn (A),49.6,50.4,47,17.1,9.7,9.2,10.5,12.1,15.6,14.7,8.1,3.2,46.7,9,7.1,81.8,18.7,20.1,86.4,52.6,33.2,12.9,10.8,12.1,478,1111,0.6,65.3,49.1,32.5
Mid-Coast (A),48.8,51.2,52,15.4,9.1,7.5,9.1,12.5,16.2,17,9.2,3.8,49.5,9.9,7.9,82.3,24.4,19.1,90.4,47.3,37.3,16.1,11.1,14.6,476,1108,0.8,72.1,51.6,29.6
Central Coast (C) (NSW),48.4,51.6,42,18.5,11.6,10.7,12,13.3,12.9,11.2,6.6,3.1,46.3,14,9.2,78.8,27.6,24.7,88.4,55.3,32.9,18.6,13.7,15.5,600,1560,8.8,73.1,38.1,41.3
Goulburn Mulwaree (A),50.6,49.4,42,18.2,11.5,12.1,11.9,13.7,13.3,11,5.9,2.5,46.4,11.5,8.5,82.6,21.1,27.9,87,57.9,30.4,14.5,12.2,14.5,625,1505,0.9,76.9,41.3,39
Upper Lachlan Shire (A),50.9,49.1,48,17.5,9.6,8.1,10.1,15.3,15.7,13.9,7.3,2.4,54.5,12.2,8.7,83.9,17.9,31,90.7,59.1,31,12.8,10.8,13.7,609,1498,0.7,61.6,48.5,38.5
Griffith (C),49.9,50.1,37,20.9,12.3,13.7,12.1,12.9,11.9,8,5.5,2.6,51.9,10.5,6,70.7,14.1,39.5,69.8,61.6,28.4,13.2,11.7,13.8,674,1555,0.3,81.7,37,46.7
Gunnedah (A),50,50,40,20.6,11.1,12.5,11.3,12.6,12.9,9.8,6.6,2.6,48.1,10.2,6.8,86.1,20.1,26.2,90.1,61,27.9,13.3,10,13.5,618,1586,2.1,72.8,40.8,41
Gwydir (A),50.6,49.4,48,18.5,9.1,8.3,10,14,14.1,14.7,8.4,3,52.8,8.7,6.7,84.5,15.1,20.4,89.5,60.6,28.2,11.3,9.1,8.6,489,1178,0.5,57.5,50.7,34.5
Tamworth Regional (A),48.7,51.3,40,20.2,11.7,12.1,11.7,12.8,12.9,10.4,6,2.4,47.6,12.5,7.8,84.6,19.3,24.4,88.7,59.9,29,17.5,12,14.4,633,1446,0.6,76.9,40.7,38.8
Hawkesbury (C),49.5,50.5,38,19.9,13.9,12.5,12.6,14.7,12.2,8.7,4.1,1.6,49.3,13.1,9.4,81.4,23.9,27.5,88.3,62.5,28.6,14.8,15.1,18.6,728,1916,5.4,76,33.4,49
Hay (A),50.3,49.7,46,17.7,11,10.1,9.5,15.7,14.3,12,7.8,2,49.7,7.3,6.3,80.3,16.3,31.9,84.4,59.6,28.9,9.6,10,13.7,587,1344,0.3,65.8,44.5,36.8
Hunters Hill (A),49.9,50.1,43,19,13.2,8.1,12.2,14.3,11.8,10.2,6,5.3,52.7,39.4,9.4,68,24.4,35.5,75.4,61.4,30.4,35.7,13.8,5.6,977,3301,19.2,61,34.8,53.2
Inverell (A),48.9,51.1,42,20.3,11.7,10.4,10.6,12.5,13.3,11.6,7.1,2.5,47.5,9,6.3,84.2,19.9,21.4,89,55,31.6,14,9.5,13.5,509,1181,0.5,72,43.6,36.2
Junee (A),56.8,43.2,40,17.8,11.7,13.7,13.5,13.4,13.7,10,4.5,1.8,46.7,7.9,5.3,82.9,16.1,28,75.7,61.3,28.3,11.6,11,11.8,600,1410,0.6,70.5,40.8,39.8
Kempsey (A),50,50,47,17.2,10.3,9.2,10,12.9,16.4,14,6.9,3,43.9,8.2,6.3,83,25.6,22,87.6,47.1,36.9,14.5,11.1,13.8,474,1107,0.6,72.7,45.2,30.9
Kiama (A),49,51,47,16.8,10.7,8.6,10.9,13.2,16.2,13.3,6.9,3.3,57.3,24.3,11.6,79.4,28.6,24.5,89.6,54.3,35.7,25.7,12.1,15,683,1820,2.6,72.9,45.7,42
Ku-ring-gai (A),48,52,41,20.2,13.5,8.2,12.8,15.6,11.5,8.9,5.8,3.4,61.3,47.9,9.5,57.3,31,18.9,68.7,59.5,32.1,39.3,13.3,5.1,942,3046,28.1,55.5,31.5,57.3
Kyogle (A),50.7,49.3,50,16.3,9.3,7.1,9.5,15.2,19.6,13.6,6.7,2.7,45.5,11,7.3,80.2,29.4,18.1,88.1,49.9,35.6,14.2,10,11.8,460,1076,1,64.4,49.3,30.8
Lachlan (A),50,50,40,21.9,10.8,11.8,10.5,11.4,13.1,10.4,7.2,2.8,47.9,8,5.6,83.4,16.7,25.5,86.9,59.1,26.8,12.2,9.5,12.4,556,1279,1.1,66.5,42.4,38.3
Lane Cove (A),49.2,50.8,36,18.4,10.9,17.4,16.3,13,10.2,7.5,4,2.2,52,50.2,9.4,59.1,32,26.9,69.1,65.8,25.8,41.8,12.7,6.2,1149,2971,31.5,49.3,38.9,48.9
Leeton (A),49.5,50.5,40,20.6,13.7,10.7,10.9,13.2,12.6,9.6,6.4,2.1,48.3,9.4,5.4,81.6,15.5,35.3,84,62.7,26.1,13.4,10.8,13.8,607,1456,0.3,78.5,40.9,41.5
Lismore (C),48.6,51.4,43,17.8,12.2,10.2,11.9,14.2,15.5,10.3,5.2,2.7,41.1,17.5,8.1,82,32.7,21.1,87.5,50.2,37.2,20.1,12.7,13,550,1351,0.8,75.7,39.8,37
Lithgow (C),50.7,49.3,45,17,10.9,10.7,11.1,13.6,14.6,13.1,6.5,2.4,45.4,8.7,6.6,79.7,22.6,24,84.9,54.8,31.7,12.2,13.2,17.5,510,1328,1.6,74,42.2,37.2
Mid-Western Regional (A),50.3,49.7,42,20.3,10.1,11.1,11.4,14.2,13.2,11.8,5.9,2,48.4,10.9,6.8,81.2,22.1,25.1,87.4,56.4,31.6,13.2,10.1,17.3,547,1433,0.4,72.5,42.3,40.9
Liverpool (C),49.6,50.4,33,22.7,14.4,14.6,14.5,13.2,10.2,6.2,3.1,1.1,51.8,15.7,9,51.7,11.3,28.6,41.4,61.5,26,17,16.1,14.6,584,1663,13.9,74.4,23.2,57
Liverpool Plains (A),50.4,49.6,45,18.8,9.8,10,10.6,13,15.4,12.7,7.1,2.5,48,7.8,6.4,84.8,17.7,22.3,90,57.5,28.9,11.4,9.4,11.4,533,1287,0.5,65,44.4,35.9
Lockhart (A),49.3,50.7,46,20.7,9.8,8.1,9.8,13.6,15.5,12,7.5,3.2,56.2,9.9,7.2,85,17.3,29.3,90.3,60.1,30.2,12.7,10.1,11.2,585,1408,0.4,61,45.5,40.3
Maitland (C),48.8,51.2,36,21.9,12.6,13.7,13.2,12.9,11.5,8.5,4.2,1.7,48.9,12.7,8.7,86.7,24,26.6,91.1,57.3,30.6,16.6,13.2,17.3,644,1664,1.9,79.6,35.6,44.9
Northern Beaches (A),48.8,51.2,40,19.7,10.7,11.7,15.1,14.8,11.3,8.9,5.2,2.7,52.7,32.3,11.7,65.8,33.7,24.2,79.8,60.5,31.8,28.6,13.5,11.3,916,2528,18.1,60.3,35.9,51.4
Moree Plains (A),50.4,49.6,38,21.9,11.5,12.5,12.5,13.8,12.2,9.3,4.8,1.3,43.6,10.2,6.4,81.3,15.7,27.8,84.2,63.8,23.5,13.8,12,11.6,669,1480,0.3,72.5,37.1,38.4
Mosman (A),46.3,53.7,42,17.6,10,11.9,14.4,15,11.9,10.5,5.4,3.2,52,48.8,9.8,59.6,31.3,23.9,77.9,63.8,28.3,39.5,12,4.4,1295,3671,31.6,45.3,41.4,46.7
North Sydney (A),47.2,52.8,37,12.7,7.8,24.1,18.2,12.2,10.6,8.7,4,1.7,41.9,53.5,9.8,54.2,37.3,21.4,70.2,71.3,21.1,43.8,12.6,5.1,1386,3210,39.9,34,53.9,33.8
Murray River (A),49.6,50.4,49,17.1,8.8,9.3,9.5,12.8,15.6,15.2,8.5,2.9,55.2,10.1,7.3,83.9,27.9,23.8,90,59.4,30.5,14,10.1,12.6,558,1333,0.7,69,52.3,35.9
Muswellbrook (A),51.3,48.7,35,22.5,12.2,14,13,14.1,11.3,7.8,3.9,1.3,45.1,7.9,6.1,84.7,22.4,24.5,88.4,59.3,26.7,10.7,10.2,20,640,1665,0.6,77.5,37.2,42.5
Narrabri (A),49.9,50.1,40,21.3,10.9,11.3,11.7,13.5,13.6,10,5.6,2,50.1,9.9,5.8,83.5,18.1,23.4,87.4,60.6,27.4,13.7,10.7,14.2,632,1531,1.3,70.9,41.5,40.1
Narrandera (A),49.6,50.4,44,19.8,10.6,9.4,11,12.5,14.6,12,6.7,3.4,48.4,8.5,6,83.1,19.3,26.3,87.3,60.1,26.9,11.9,10.4,12.4,575,1349,0.6,69.9,42.3,39.1
Narromine (A),49.9,50.1,42,21.5,10.8,10.2,10.4,12.4,13.9,11.8,6.5,2.8,47.9,9.3,6.3,85.6,15.8,27.9,89.4,60.8,26.4,12.7,10.3,13.1,586,1358,0.3,68,41.8,36.8
Newcastle (C),49.3,50.7,37,16.9,14.5,15.4,12.9,12.7,11.8,8.4,4.9,2.7,40.7,23.4,8.7,81.3,32.8,22.2,84.8,55,32.7,27.2,13.1,12.9,660,1778,3.9,73.6,38.4,41.1
Oberon (A),52,48,45,17.5,12.7,9.2,10.6,14.3,13.7,14.5,5.5,2.1,49.1,9.7,6.5,78.8,20.7,31.9,84.4,59.5,29.1,12,10,14.3,611,1509,0.5,71.2,46.9,37.5
Orange (C),48.6,51.4,37,21.2,12.2,13.3,12.6,12.3,11.5,9,5.5,2.3,46.3,17.4,8.4,83.5,21.8,29.9,87.8,59.7,28.8,21.2,13.1,14.6,667,1655,0.7,79,38.2,41.9
Parkes (A),49.2,50.8,41,20.2,12.4,10.6,10.7,12.9,13.3,10.3,6.5,3,47.4,9.4,6.2,84.5,15.9,27.3,88.5,57.7,28.6,14.6,11.2,14.8,554,1412,0.5,71.2,40.2,39.7
Penrith (C),49.4,50.6,34,21.1,13.8,15.5,14,12.7,11.3,7.4,3.1,1.2,47.3,13.4,8.4,72.4,21.1,32.1,77.2,63.9,25.6,14.8,17.8,14.8,728,1858,11.4,75.1,30.3,48.8
Port Stephens (A),49.4,50.6,45,17.9,11,9.6,11.3,13.3,13.9,13.7,6.8,2.4,50.8,11.1,8.9,81,25.9,21.7,89.5,53.5,33.6,14.7,12.9,17.6,571,1431,1.7,76.3,44.2,38.3
Randwick (C),49.2,50.8,34,14.8,16.5,18.8,14.9,12.1,9.3,7,4.2,2.3,38.5,37.5,8.3,51.4,31.5,26.5,59.7,62.4,27.6,34.8,13.6,9.1,834,2421,27.9,48.7,37.9,44.9
Rockdale (C),49.4,50.6,35,16,12.4,20,14.3,12,9.9,7.6,5.1,2.6,49.4,27.7,9.7,46.3,19.8,20.9,37.6,59.5,29.3,22.6,15,11.9,666,1746,32.5,53.7,36.8,45.6
Ryde (C),48.6,51.4,36,16.2,13.6,18.3,14.7,12.5,10.5,7.2,4.5,2.6,51,39.4,9.5,48.5,30.2,25.3,47.7,61.9,27.5,33.4,15.2,10,738,2106,28.2,55.3,36,49.1
Shellharbour (C),48.9,51.1,39,19.9,13.1,11.7,12.6,13.5,12.5,9.5,5.2,2,49.9,10.4,8.6,77.4,25,28,84.7,55.5,32.5,14.2,13.5,17.5,579,1562,3.1,79.7,34.7,45
Shoalhaven (C),49.5,50.5,48,16.4,9.9,9.4,10.1,12.3,15.4,15,8.2,3.2,49.5,12.1,8.5,79,29.1,20.3,88.5,50.8,36.7,16.9,11.4,17.2,511,1226,1,74.1,48.8,33.3
Singleton (A),50.9,49.1,36,21.1,13.7,12.7,13.3,14.5,11.9,7.6,3.6,1.5,50.6,10.5,7.2,84,22,24.7,89.7,59.5,28.9,12.3,10.9,17.8,684,1981,0.6,75.2,36.1,47.9
Strathfield (A),50.7,49.3,32,15.4,15.7,23,13.1,11.6,9.7,5.9,3.8,1.9,50.9,38,8.2,36.7,21.6,23,29.3,60.1,28.4,31.8,13.9,10.3,682,1894,36.3,50.6,31.3,52.1
Sutherland Shire (A),48.8,51.2,40,19.1,11.8,12,13.8,13.9,12.5,9.1,5.1,2.7,53.7,23.5,11.7,77.7,24.1,29.2,83.1,61.4,30.6,24,16.7,13.5,837,2312,16.9,67.7,34.2,51.4
Sydney (C),51.8,48.2,32,6.7,17.7,33,16.3,10.3,7.7,5,2.3,0.9,25.7,44,8.4,39.4,43.2,15.4,51.5,65.3,24.6,37.7,11.1,7.9,953,2524,35.6,23.2,63.1,22.9
Temora (A),49.7,50.3,46,19.3,10.2,9.3,9.7,13.5,14,12.8,7.7,3.4,52.4,9.9,5.9,88.4,14.5,28.6,92.4,56.4,31.9,14.1,10.8,13.9,546,1329,0.7,67.2,46.3,38.2
Tenterfield (A),49.1,50.9,53,15.6,8.3,6.4,10,12.5,19.6,17.1,7.8,2.7,47.8,9.3,6.7,79.7,23.7,20.6,86.5,52.7,32.7,11.2,9.9,11.5,454,1015,0.7,60.5,54.1,28.4
Snowy Valleys (A),50.6,49.4,45,18.1,10,10.1,11.4,13.5,15,12.3,6.8,3,49.9,9.7,7,81.4,18.8,26.2,86.9,58.3,29.8,12.2,9.7,13.9,577,1418,0.4,72.5,47,36.6
Tweed (A),48.3,51.7,47,16.8,9.8,9,11.2,13,14.9,13.2,8.3,3.9,46.5,13.4,8.8,77.2,29.6,22.3,88.7,49.4,38.2,17.3,12.2,15.7,539,1332,1.5,74,44.3,36
Upper Hunter Shire (A),49.4,50.6,41,20.7,10.3,11.9,12.4,13.1,13.1,10.1,5.9,2.5,50.2,10.4,7,82,16.7,25.9,88.3,60,29.8,12.2,9.4,16.8,630,1589,0.5,70.7,43.2,41.5
Uralla (A),48.4,51.6,46,19.2,10,7.9,11.3,14.7,16.3,13,5.5,1.9,53.2,16.4,8.8,85.3,23.9,20.5,92,55.9,33.7,16.1,12.5,14.2,552,1342,0.5,70.4,45.9,38.5
Wagga Wagga (C),48.9,51.1,35,20.3,15,13.8,12.1,12.1,11.6,8.2,4.8,2.2,46.6,16.7,7.7,84.1,22.2,30.6,87.8,60.7,28.9,19.7,12.3,15.6,696,1682,0.6,77.8,38.6,42.1
Walcha (A),50.2,49.8,48,17.2,9.5,9.1,10.1,13.5,14.9,15.2,7.6,3.1,55.9,11.1,7.5,82.5,18,19.4,87.6,60.5,30.8,11,9.1,10.4,577,1329,0.8,55.9,49.3,38
Walgett (A),52.9,47.1,43,20.2,9.4,11.9,11,13.3,15.1,12.1,5.8,1.3,35,8.8,6.2,77.4,23.6,23.2,82.8,56.4,26.6,13.8,9.4,8.7,464,1039,0.7,62,40.5,30.3
Warren (A),50,50,43,21.2,9.2,10.7,10.7,13.4,13.9,12,6.6,2.2,50.7,10.6,6.6,83.7,11.6,35.3,88.3,65,22.1,12.1,9.5,11.2,649,1468,0.3,63.4,45.9,37
Warrumbungle Shire (A),50,50,49,18,9.4,8,9.6,13.4,15.6,14.4,8.5,3.2,49.4,9.3,5.9,81.7,20.6,21.8,87.3,55.7,30.6,14.1,8.4,10.2,479,1103,0.7,60,49.4,32.7
Waverley (A),48.6,51.4,35,16,9.2,23.6,17.8,12.2,8.5,6.5,3.9,2.3,38.2,44.5,9.3,50.3,33.4,19.9,68.8,65.9,26.2,38.9,10.4,7.3,1151,2917,33.8,42.3,43.5,43.4
Weddin (A),50,50,51,16.7,8.1,7.3,10.4,12.9,15.7,16.2,8.5,4,53.9,9.4,6.7,84.7,18.5,24.1,89.6,58.4,30.4,12.2,9,11.4,492,1193,0.7,57.7,53,33.6
Wentworth (A),51.6,48.4,44,18.8,10.6,10,10.9,14,15.3,12.5,5.7,2,52,9.2,6.6,83.2,33.2,20.6,86.3,56.9,29.8,13.2,10.4,12.8,555,1308,0.8,70.3,45.3,38.8
Willoughby (C),48,52,37,19.4,11.4,15.2,16.7,13.5,10.1,7.3,4,2.3,54.6,47.8,9.2,49.4,36.5,21.6,55,63.6,27.4,39.9,12.3,6.3,946,2671,35.7,41.3,34,52
Wingecarribee (A),47.8,52.2,47,17.6,10.3,8.3,10.6,13.5,13.8,14.9,8.1,3,53.3,20.3,10.3,77.1,26,22.3,88.4,56.1,35.6,20.2,11.3,16,645,1639,3,71.6,47.1,38.2
Wollondilly (A),49.9,50.1,37,22,13,11.8,13.5,13.9,12.4,8.2,3.7,1.3,54.6,12.6,9.2,82.1,21.4,30.2,89.2,62.3,28.4,14.9,14.7,18.3,738,2032,4.4,76.8,33.7,52.9
Woollahra (A),46.5,53.5,39,15.6,10.2,17.4,14.4,12.9,10.7,10.2,5.5,2.9,44.1,48.9,8.4,58.2,30.2,19.1,75.7,66.4,26.3,42.4,11.3,4.2,1365,3626,30,42.5,44.6,41.7
Yass Valley (A),49.1,50.9,42,21.1,10.9,9,13.7,15.5,13.6,9.9,4.5,1.8,55.5,23.6,9.3,82.8,28.5,26.3,90.2,61.5,28.9,20.7,14.9,13,869,2214,1.5,71.8,40.8,47.5
Unincorporated NSW,53.6,46.4,41,17.4,8.8,12.7,15.5,13.3,15.7,10.4,4.2,2.1,53.7,10.7,7.1,81.1,30.8,18.9,86.5,66,23.1,7,6,7.5,717,1427,NA,28.5,49.8,42
Alice Springs (T),49,51,35,20.9,11.4,17.3,14.6,15.3,12.5,5.6,2,0.7,42.3,21.7,8.4,64.5,32.6,18.7,68.7,71.4,19.5,24.2,14.1,12.3,1002,2259,2.9,72,36.9,44.9
Barkly (R),51.5,48.5,28,26.1,16.6,17.3,12.3,12.4,8.9,4.6,1.5,0.3,41.4,8.5,3.9,85,25.3,9.6,39.9,54.1,15.5,19.5,10.6,10.8,375,959,1.2,49.1,28.4,45.1
East Arnhem (R),49.6,50.4,25,28.7,20,18,13.7,10.2,6.6,2.3,0.6,0.1,48,3.5,1.5,96.6,NA,7.7,4.9,40.2,26.4,28.2,7.1,7.3,242,671,3.6,35,17,45.9
Central Desert (R),48.4,51.6,28,29.4,15.5,16.5,14.4,11.5,7.9,3,1.3,0.3,54.1,4.9,2.2,92.7,14,8.1,13.7,37.7,16.2,17.9,8.5,6.7,294,801,3.4,35.5,25.9,47.3
Katherine (T),52.1,47.9,33,22.6,12.6,18.1,13,14.4,10.9,5.9,2.1,0.4,42.7,13.4,7.9,67.9,31.4,17.8,65.1,72.6,17.3,18.5,13.2,17,922,2081,0.5,74,36.3,47.3
Roper Gulf (R),51.1,48.9,26,29,17.5,17.2,12.1,11.5,7.8,3.8,0.9,0.1,47,5.1,2.4,90.9,31.5,4.5,27.8,51.2,19.1,21.6,7.8,8.8,279,670,2.4,37.6,25,47.9
Coomalie (S),52.7,47.3,46,18.2,9.1,10.5,8.7,17.5,18.5,13.3,3.4,0.7,34.7,9.3,5.4,66.9,35.4,14.9,73.6,60.2,23,13.6,13.6,13.1,610,1327,0.7,59.7,46,26.1
Unincorporated NT,54.7,45.3,34,21.4,10.4,18.7,16.7,15.6,11.5,5,0.7,0.1,42.3,18.5,8.1,63.6,35.1,17.6,71.5,74.3,15.4,18.5,12.3,15.1,1086,2447,5.5,58.2,41.2,47.3
Wagait (S),51.2,48.8,48,13.5,7.2,7.6,12.9,19.4,22,14.6,2.2,0.7,44.3,22.4,8.8,80.3,42.8,14.6,91.2,62.2,22.4,24.5,13.3,15,861,1924,55,66.2,57.5,32.8
Victoria Daly (R),51.4,48.6,27,27.1,18.3,16.5,10.3,12.4,8.7,4.4,1.9,0.4,42.6,5.6,4.8,82.5,18.3,16.9,34.4,57.4,19.3,18,5.9,10,376,775,1.8,35.1,30.6,43.5
West Daly (R),49.1,50.9,24,32.7,18.2,20.4,12.3,8.7,5.6,1.5,0.5,0,30.8,4.6,1,94.9,9.9,72.1,8.8,40.1,12.6,28.7,8.4,6.2,239,590,8.8,36.1,15.2,55.7
Darwin (C),51.3,48.7,34,18.5,12,20.6,15.6,13.5,10.8,6.2,2.2,0.6,43.9,26.1,8.5,57,31.2,22.3,62.4,68.5,21,23.5,13.8,14.9,1039,2385,6.9,72,40,44.4
West Arnhem (R),51,49,28,26.3,16.9,18,15.9,13,6.9,2,0.7,0.1,53.6,6.3,3.3,88.7,22.5,NA,18.9,54.5,15,25.8,9.9,11.3,276,771,2.5,48.9,26.3,50.4
Palmerston (C),50.4,49.6,30,25.8,13.9,20,16.3,12,7.5,3.1,1.2,0.3,43.9,14,9.1,70.6,35.4,22.8,76.4,71.1,17.8,13.8,16.7,18.5,1053,2369,7.8,79.2,31.8,50.6
Litchfield (M),59.4,40.6,37,17.7,12.7,15.6,16.4,17.5,12.3,6.1,1.4,0.3,43.7,9.4,6.9,70.8,34.1,17.7,74.8,69.8,18.8,11.9,14.1,24.3,1092,2410,10.6,69.9,39.5,47.5
MacDonnell (R),52.1,47.9,29,20.5,21.6,18.7,14.2,11.7,8.6,3.3,1.2,0.3,46.2,4.9,1.9,90.5,8.8,15.7,14.3,45.4,23.7,20.5,8,6.5,271,642,2.2,33.6,26.8,39.3
Tiwi Islands (R),50,50,30,25,15.6,17.1,15.6,13.2,9.1,3.1,1,0.2,25.7,5,1,95.2,5.7,85.3,11,38.3,30.3,24,8.4,8.4,248,644,0.8,28.1,25.3,42.6
Unincorp. Other Territories,53.8,46.2,42,17.9,8.9,12.6,14,15.6,15.5,10.2,4.2,1.1,51.4,12.1,7.3,47.3,20.9,9.2,37.5,63.6,25.6,11,11.6,17.7,715,1568,6.8,66.4,43,41.7
Townsville (C),50,50,34,20.2,15.5,14.9,13.3,13.2,11,7.4,3.4,1.2,42.9,15.7,7.8,78.6,28.4,26.5,85.2,58.7,27.3,18.8,13.5,15.1,703,1705,1.8,78.1,38.5,41.8
Barcaldine (R),50.5,49.5,42,20.4,9.7,11.8,11.3,15,13.2,10.8,6.1,1.8,52.2,11.2,5.2,85.8,17.5,28.6,90.4,70.9,21.2,11.2,10.3,9.4,684,1514,0.2,51.3,46.5,40.6
Tablelands (R),49.2,50.8,47,18.1,9.8,8.3,10.1,13.8,16.1,14.1,7.1,2.5,48.5,11.7,7.7,77.4,29.4,21.9,87.4,52.2,34,15.4,11.2,13.7,517,1218,1.2,69.1,48.7,33.2
Aurukun (S),49.9,50.1,28,28.8,15.6,15.9,13.6,13.9,7.9,3.5,0.6,0,15.5,3.2,2.9,95.8,29.3,NA,10.6,41,17,15.8,7.9,16.2,260,678,NA,24.4,14.2,39.6
Torres Strait Island (R),50.8,49.2,24,34.7,16.8,15.6,11,9.3,7.9,3.6,1.2,0.1,22.9,3.6,4.5,94,NA,8.5,5.4,46.6,31.6,21.3,13.2,11.6,373,856,0.7,33.9,12.9,46.8
Torres (S),49.5,50.5,28,27.1,16,17.1,13.5,11.1,9.7,3.7,1.3,0.4,28.2,12.4,6.8,80.2,14.4,15.3,37.2,61.9,20.6,21.6,15.6,12.3,740,1919,4.6,50.8,22.2,47.5
Balonne (S),51.4,48.6,40,21.6,10.8,11.8,12.4,14.6,13.4,9.4,4.6,1.5,51.7,11,7.9,85.2,13.9,29,89.4,62.1,28.3,12.1,10.2,10.3,662,1485,0.1,63.1,43.3,41.2
Northern Peninsula Area (R),48.7,51.3,22,36.8,17.4,14.5,10.9,9.9,6.9,2.9,0.6,0.2,22.3,6.9,7.2,94.8,10.3,NA,14.3,54.5,20,13.9,12.6,11.9,468,1064,3.1,60.2,14.9,47.1
Banana (S),51.6,48.4,37,22.1,10.8,13.5,13.5,13.8,12.2,7.8,4.6,1.5,55.3,9.6,5.3,83,15.7,23.5,87.2,66,23.8,9.9,9.6,16,714,1895,1.5,63.8,42.3,45.9
Barcoo (S),54.8,45.2,46,17.4,13,8.9,7.8,20.8,14.9,12.2,3.7,1.1,47.1,5.1,6,92,13.1,35.1,92.9,81.4,12.2,6,13.2,13.8,774,1687,NA,35.5,51.7,37.9
Central Highlands (R) (Qld),52.7,47.3,33,24.7,11.7,16.5,14.8,14.2,10.5,5.1,2,0.5,52,10.4,5.9,75.9,20.9,25.4,83.2,64.8,23.7,11,10.6,17.6,843,2106,4.9,66.5,36.6,51.2
Logan (C),49.4,50.6,34,22.5,14,14,13.6,12.8,10.9,7.7,3.2,1.1,46.1,11.3,8.3,65.8,28.9,18.5,77.8,58.8,27.5,13.2,15,16.3,635,1546,5.9,77.7,32.4,46.1
Scenic Rim (R),49.3,50.7,44,18.9,10.5,8.8,12.2,14.9,14.4,12.3,5.9,2,52.3,12.3,8.6,76.9,26.8,18.4,89,55.7,32.7,14.3,12.2,16.1,569,1417,1.3,70.9,44.7,39.4
Isaac (R),54.5,45.5,32,25.3,11,19.2,16.6,13.3,9.3,3.9,1.2,0.3,50.1,10.3,5.1,74.6,22.3,25.9,81.3,68.4,20.2,10.7,8.7,20.7,1030,2365,4.7,65.9,35.2,53.5
Maranoa (R),51.4,48.6,36,21.8,11.3,14.7,12.7,13.3,11.8,8.2,4.7,1.8,50.5,11.2,7.8,82.2,16.9,25.6,86.6,68.2,22.7,12.5,12,13.3,741,1688,0.6,65.5,42.2,44.7
North Burnett (R),51.1,48.9,46,17.7,9.3,10,10.4,14,14.6,13.8,7.4,2.8,52.4,7.3,5.5,78.1,20.9,15.4,84.1,60.2,28.3,8.5,8.9,9.3,501,1159,2.6,60.3,50.6,35.4
Blackall-Tambo (R),49.6,50.4,47,17.3,7.8,10.5,11.6,13.6,17,13.4,6.7,2.2,54.9,7.9,7.2,89,12.3,31.2,93.7,64.6,23.9,9,8.4,10.7,548,1266,NA,51.1,52.6,36.1
Boulia (S),53.1,46.9,34,17,14.2,19.6,13.2,13.4,15.8,4.8,2.2,0,34.2,5.4,3.1,78.4,17.9,29.1,82.9,73.3,13.3,6.2,8.5,7.6,753,1553,NA,32.9,47.6,25
Whitsunday (R),51.8,48.2,38,18.1,11.2,15.5,13.3,13.6,13.6,9.5,3.8,1.3,43.9,9.3,7.6,70.7,28.2,20.6,81,61.5,26.2,11.2,9.9,16.9,685,1481,4.3,65.1,45.5,38.7
Brisbane (C),49.2,50.8,35,17.6,14.9,17.3,14.7,13,10,6.9,3.8,1.8,45.3,32.6,9.3,63.6,31.6,23.1,71.8,59.3,29.6,29.9,14.6,10.5,770,2091,15.9,63.1,37.8,45.6
Bulloo (S),53.3,46.7,40,16.2,10.7,13,13.3,13.9,20.5,7.5,2.9,2,47,5.3,6,87.9,21.7,30.2,90.2,75.7,13.5,4.4,14.4,13.1,883,1430,NA,42.1,50.6,36.5
Bundaberg (R),49.2,50.8,45,17.7,11.1,10,10.6,13.2,14.4,13.5,7.2,2.5,49.5,9.8,6.4,80.2,25.9,18.4,88.6,52.7,31.7,15,11.8,14.1,490,1185,1.2,76.9,47.6,33.7
Burdekin (S),50.8,49.2,44,17.8,11.4,9.8,11.4,13.7,14.6,11.9,6.7,2.7,51.4,7.7,5,83.5,14.9,37.2,86.4,61,27.8,10.8,11,14.9,617,1489,1.1,73.2,44.9,40.4
Burke (S),56,44,38,17.1,13.4,16.1,13.4,15.2,17.4,6.4,0.9,0,38.8,6.9,6.5,74.7,29.5,20,78.1,69.8,11.7,9.7,16.6,11.7,742,1458,NA,33.8,47.7,46.2
Moreton Bay (R),48.9,51.1,38,21,12.5,12.2,13.5,13.6,11.5,9.6,4.4,1.7,49.2,13.9,9.6,74.3,30.9,20.7,87.3,57.5,29.9,16.4,15.3,15.5,652,1638,7.8,74.1,37.3,44.1
Sunshine Coast (R),48.2,51.8,43,18.1,11.2,10.5,12.6,14,13.2,11.5,6.2,2.6,50.1,16.9,10.1,74.1,33.5,18.3,89.2,52.5,35.6,19.1,12.9,16.2,615,1491,2.4,73.9,44,39.4
Cairns (R),49.3,50.7,37,20.4,12,13.6,14.5,14.6,12.1,8,3.4,1.3,42.2,16.2,9.2,68.8,31.7,22.8,77.7,57.6,29.7,19.2,13.2,15,693,1605,2.3,75.5,38.4,40.3
Gladstone (R),51.3,48.7,35,22.7,12.1,13.8,14.4,14.9,11.8,6.7,2.8,0.8,50.2,11.2,6.6,77.5,29.5,21.2,86.5,58.3,25.5,13.6,10.8,21.4,678,1918,7.3,75.2,39.4,45.5
Toowoomba (R),48.6,51.4,38,20.2,12.9,12.3,11.9,12.7,12.1,9.9,5.6,2.4,50.2,16.1,8,81,20,23.2,86.8,58.5,29.8,18.6,13.3,15.1,642,1547,0.7,76.3,42,40.8
Cassowary Coast (R),51.4,48.6,44,18.3,10.4,11,10.9,14.1,15.6,11.4,5.9,2.3,47.3,8.7,6.2,75.2,23.8,29,81,55.9,30.6,10.9,10.1,13.9,567,1305,3.8,71.6,46.7,35.8
Carpentaria (S),51.4,48.6,38,20.6,11.9,13.2,12.1,15,13.5,9.8,3.5,0.5,36.8,7.3,5.4,81.8,32.7,18.5,88.4,67.2,17.2,12.2,11,14,677,1544,NA,50.7,45.7,29.4
Charters Towers (R),49.5,50.5,40,21.5,12.2,10,12,12.8,13.1,11,5.7,1.8,46.6,8.6,5,83.5,22.9,24.2,87.8,58,26.7,14,9.6,14.1,522,1323,3.4,65.2,42.1,38.3
Cherbourg (S),49.7,50.3,21,37,20.4,11.7,11.3,9.6,6.5,2.7,0.5,0.4,8,0.6,4.6,98.6,28.5,14.1,92.6,29.6,17.7,10.5,15,6.8,315,766,NA,65.4,13.3,29.9
Western Downs (R),51.2,48.8,37,22,12,12.4,12.7,13.5,11.7,9.1,4.7,1.8,50.5,9.2,6.4,80.8,17.1,22.5,85.8,61.6,26.6,11.5,11.2,16.1,621,1467,1,66.8,41.7,41.8
Cloncurry (S),56.2,43.8,34,20.4,11.5,18.2,14.1,13.6,12.6,7,2,0.7,41.4,11.1,5.2,76.4,20.7,28.7,81.9,75.2,14.2,13.4,12.5,15.1,1022,2140,7.5,58,37.9,45.2
Cook (S),53.9,46.1,41,18.5,11.3,12.4,12,13.3,16.4,12,3.3,0.7,34.2,10.7,7.4,69.9,30,15.9,75.2,60.6,25.8,17.5,9.8,12.7,581,1339,3.1,58.6,44.8,34.3
Napranum (S),51.6,48.4,25,30.2,19.3,14.1,12.5,13.4,7.2,2.5,0.6,0,14.2,2,1.7,96.8,43.3,NA,64.5,47.5,18.3,13.1,6.5,20.9,280,776,NA,74.5,14.6,48.8
Gympie (R),49.6,50.4,46,18.2,10.1,9,10.5,14,15.6,14.2,6.3,2.1,49.2,8.5,7.4,80.1,29.5,16.1,89.5,50.3,34.2,12.5,11.2,15.8,479,1132,1.2,71,47.2,34
Croydon (S),50.5,49.5,40,20.9,9.5,12.8,15.9,15.2,15.2,7.7,1.4,1.4,45.5,3.8,5.9,68.4,20.6,14.1,73.4,64.3,21.4,5.2,8.7,9.6,579,1274,NA,35.5,51.7,31.7
Diamantina (S),51.4,48.6,30,17.5,24,16.4,11,14.4,11.6,5.1,0,0,38.6,11.8,6.3,79.5,30.2,22.7,86.3,70.6,20.6,8.3,13,12.4,754,2041,3.8,40.7,35.1,54.4
Doomadgee (S),50.5,49.5,21,38.5,17.5,15.8,12.5,7.3,6,1.8,0.6,0,18.3,4.4,2.7,96.9,14,1.7,92.7,37.6,35.8,13.5,11.4,8.5,298,745,2.2,43.1,13.7,54.6
Douglas (S),50.9,49.1,43,16.6,8.9,13,13.4,15.4,16.2,10.8,4.5,1.4,41.6,13.4,8.6,65.2,35.4,18.9,79.3,57.7,31.3,12.1,10.2,16.1,676,1460,1.6,64.4,49.9,33.2
Somerset (R),50.3,49.7,43,20.4,10.7,9.9,11.6,13.7,15.1,12.2,5,1.4,49.2,8.4,7.2,78.5,26.7,17.2,87.9,56.3,29.8,11,11.1,14.9,512,1256,1.7,71.2,43.9,38.4
Etheridge (S),54.1,45.9,45,18.1,7.4,14.3,9.4,15.8,16.3,13.2,5.4,0.4,50.8,5.5,5.6,82.9,23.6,27.6,87.8,68.1,19.3,8.4,9,9.5,521,1192,0.8,34.6,45.6,44.5
Rockhampton (R),49.4,50.6,36,20.8,13.8,14,12,13,11.7,8.1,4.9,2,44.3,11.9,6,82.8,22.7,26.3,87.2,57.8,27.9,16.1,13.1,16.5,626,1539,1.7,77.2,37.4,40.9
Livingstone (S),51.3,48.7,42,18.9,11.6,10.2,12.4,14.8,14.6,10.6,5.1,1.9,51.7,12.2,6.8,81.2,24.6,24.4,88.1,56.8,29.5,15.5,12.6,18.2,618,1597,2.7,73.8,44.7,40.7
Flinders (S) (Qld),50.7,49.3,44,17.6,11.1,11.7,10.2,14.7,14.1,13.5,5.3,1.8,51.4,7.4,4.9,84.8,17.2,26,91.8,69.8,21.1,6.9,9.2,8.9,600,1331,NA,52.2,51.4,35.3
Lockyer Valley (R),50,50,39,19.5,13.7,12.1,12,14.1,12.5,10.2,4.4,1.5,47.9,9.5,6.9,78.2,23.4,20.4,85.3,55.5,30.6,11.8,11.5,15,535,1376,1.1,75.4,42.6,39.9
Gold Coast (C),48.6,51.4,38,18.1,12.8,13.7,13.8,13.5,11.5,9.5,4.8,2.1,45.4,17.2,10.3,63.9,31.8,20.8,80.4,55.7,32.8,18.3,13.6,14.9,666,1657,4.2,75.2,39.5,41.9
Goondiwindi (R),50.2,49.8,40,21.3,10.7,12.2,11.7,13.2,13.3,10.1,5.5,2,52.6,10.5,7.1,82.8,16.6,25.8,86.9,63.4,27.2,11.7,11.1,12.5,653,1461,0.5,69.9,44.6,40.3
Fraser Coast (R),49,51,48,16.9,9.7,8.5,10.5,12.7,15.3,15.9,7.9,2.5,49.7,9.1,7.2,77.7,27.8,17.7,88.7,49.1,33.6,16,12.3,14.7,468,1090,1.3,74.4,50.4,30.9
Hinchinbrook (S),51,49,50,15.6,10,7.8,9.7,14,16,13.9,9.2,3.8,53.4,7.3,5,81.5,13.5,44.9,85.4,58.6,29.8,12.2,10.9,16.1,538,1349,1,71.3,50.6,35.9
Hope Vale (S),54,46,26,28.1,18.3,15.6,14.1,10.3,7.4,3.6,1.9,0.7,14.2,4.3,3.2,96.5,6.3,2.8,16.6,41.6,16.3,14,9.1,9.9,327,780,NA,76.5,19.9,46.3
Longreach (R),48.9,51.1,40,19.1,12.8,12.2,11.5,14.1,14.5,8.6,5,2.1,47.9,13.7,7.9,82.7,16.9,29.6,88.8,67.8,21.1,15.7,12.5,13.1,726,1609,0.5,65,44.6,39.7
Ipswich (C),49.4,50.6,32,23.7,14.1,15.5,13.5,12.5,9.9,6.4,3.1,1.2,44.1,12,8.7,72.9,29.7,19.8,81.9,59.2,26.9,14.5,14.6,15.1,667,1581,6.9,77.4,31.7,45.7
South Burnett (R),50.1,49.9,45,19.1,10.3,9.2,10.7,13.2,14.5,14.2,6.6,2.2,49.5,8.5,6.7,82.4,25.1,17.2,90,54.6,32.2,13,9.9,13.8,478,1143,1.1,70.2,47.9,33.8
Kowanyama (S),47.8,52.2,29,26.8,16,16.3,13.7,12.6,10.3,3.4,0,0.7,9.1,3.8,1.7,98,13.4,4.4,92.3,38.8,22.6,11.1,6.9,16.1,342,841,3.5,39.3,25.3,33.9
Lockhart River (S),49.8,50.2,26,30.9,17.4,16.3,11.5,11.7,7.9,3.6,0.7,0,4.2,4.1,2,94.9,7.9,1.5,50,40.6,30.4,18.4,5.8,10,332,810,1.6,44.6,16.9,42.6
Mackay (R),50.7,49.3,37,20.6,12.1,13.5,13.3,14.8,12.5,7.8,3.9,1.4,49.4,10.6,6.3,79.7,23.6,28,86.7,59.5,26.4,14.3,12,20,698,1774,2.3,76.3,40.3,43.4
McKinlay (S),54.3,45.7,39,16.3,8.8,16.4,17,14.4,14.5,8.4,3.1,1.1,49.5,11.5,5.1,85.3,20.4,27.7,90.8,80.9,11,8.8,8,10.8,834,1537,6.2,33.2,42.5,46.7
Mapoon (S),49,51,27,29.4,17.7,13.2,8.7,10.7,13.9,4.2,2.3,0,19.7,4,4.9,99,43.7,6.8,85.2,59.8,8.9,18.1,19.4,13.9,365,1015,NA,68.9,17.2,40.6
Mareeba (S),52.5,47.5,43,18,10.9,10.9,12.2,14.4,14.4,11.6,5.9,1.8,44.6,10.3,6.7,72.2,25.7,25.4,75.8,54.9,30.7,13.2,11.3,13.7,541,1274,1.8,67.9,44.1,37.4
Noosa (S),48.6,51.4,48,16.2,8.9,7.4,11.8,15.2,16.2,14.6,6.8,2.6,51.1,17.9,11,71.8,36.9,17.6,88.5,49.3,39.2,18.9,11.4,15.5,595,1403,2.3,69.3,49.2,34.5
Mornington (S),49.3,50.7,27,30.5,16.3,15.6,12.2,12.1,6.9,4.5,1.7,0,14.4,7.4,3.2,93.4,38.5,6.4,81.1,52.1,17.4,17.6,8.5,14.1,352,762,3.9,45.1,19.6,38
Mount Isa (C),51.7,48.3,31,24,13.5,18.9,13.9,13.6,9.1,4.9,1.7,0.4,41.8,12.5,5.4,71.5,27.9,27.4,79.7,70,18,15.8,10.5,22.3,997,2382,0.3,78.4,35.3,45.3
Murweh (S),49.4,50.6,39,21,11.4,12.3,11.5,13.7,14,8.6,5,2.4,49,10.6,5.9,85.2,16.1,33.9,89.4,64.9,23.8,13.7,9.8,11.8,672,1490,0.4,64.9,44.8,39.3
Palm Island (S),49.5,50.5,24,32,18.6,14,11,13.1,7.9,2.8,0.5,0,10.4,4.8,2.2,97,7.9,50.7,92.2,38,28.8,17.1,11.1,9.9,303,927,3.3,49.9,13.7,41
Paroo (S),49.7,50.3,46,19.1,9.1,11,10,14.1,17.5,11.7,5.6,1.8,42.5,7.2,6.9,87.6,17.5,31.4,91.8,66,22.4,11.3,9.8,9.9,529,1235,0.4,56.9,47.3,28.4
Pormpuraaw (S),49.8,50.2,31,27.2,14,13.5,16.4,15.4,8.1,4.7,0.9,0,28.4,3.2,3,94.9,12.8,5.3,36.2,45.6,34.7,14.8,6.7,10.5,337,747,NA,24.2,29.4,36.5
Quilpie (S),53.6,46.4,41,20.6,9.9,14.9,10.3,17.9,13.6,8.3,3.3,1.1,45.1,9.3,6.1,90.9,20.5,35,94.9,72.5,16.6,8.9,10.2,11.1,692,1449,0.7,50.6,47,38.5
Redland (C),49,51,41,18.8,12.2,10.7,12.6,14.4,13.5,10.5,5.2,2.2,51.9,15.5,10.3,72.5,29.8,21.1,88.9,58.8,30.6,17.2,16,15.9,686,1815,7,75.6,39.5,44.2
Richmond (S),52,48,35,18.4,12.3,18,10,14.2,13.2,8.2,4.9,1,47.7,9,7,85.1,16.8,33.6,90.9,72.3,18.5,9.7,9.3,10.4,655,1402,1.4,53.7,47,34.8
Southern Downs (R),49.2,50.8,45,18.9,10.9,9,10.4,13,14.8,13.5,7,2.6,50.7,10.2,6.9,82.3,22.2,25,89.5,54.7,33.1,12.3,10.7,13.2,506,1207,0.4,71.2,46.5,36.3
Weipa (T),53.7,46.3,31,26.5,11.4,18.1,17.8,15.5,8.2,2.2,0.3,0.1,47.5,14,6.8,78.6,29.5,24.4,81.8,74.4,16.2,13.9,9.1,25.2,1320,2777,0.7,74.3,33.8,57.1
Winton (S),52.3,47.7,46,16.3,9.2,11.4,10.5,13.9,15.8,13.5,6.6,2.8,43.7,9.7,5.2,84.6,19.3,30.2,89.5,69.7,17.9,8,8.3,13,655,1413,NA,52,51.7,34.9
Yarrabah (S),50,50,23,34.1,18.9,14.5,10.6,11.7,6.8,2.7,0.8,0.2,18.4,3.2,3.7,99.3,7.4,1.1,84.8,31.4,15.9,17.2,12.1,10.1,288,869,1.2,72,8.4,40
Wujal Wujal (S),47,53,30,23.4,15.8,18.5,13.4,13,11,4.8,0,0,7.8,5.7,4.2,98.6,7,4.2,32,39.1,23.9,12.9,12.9,10,294,682,4.5,37.9,10.8,39.2
Woorabinda (S),48.9,51.1,23,33.3,20.8,12.7,10.8,11.5,6.9,3.7,0.4,0,16.4,3.7,3.3,95.6,19.5,17.1,85.4,51.5,23.2,11.3,10.8,7.4,319,716,3.8,38.4,10.2,27.8
Adelaide (C),51.3,48.7,30,5.5,28.5,23.6,10.8,9.7,9,7.9,3.4,1.7,26.4,37.2,8.1,45.6,44.3,12.7,52.8,53.7,29.7,37.9,11.8,7.3,553,2026,12,39.2,61.5,22.4
Adelaide Hills (DC),49.8,50.2,44,18.7,11.9,7.8,12.4,16.2,15.5,11.4,4.4,1.7,56.9,29.1,10.5,77.8,42.3,12.2,89.9,54.5,35.8,28.7,12.2,12.9,741,2026,5.2,72,41,47.7
Alexandrina (DC),48.7,51.3,51,15.7,9,7.6,10.2,12.9,15.8,16.9,8.6,3.2,54.6,12.4,9.4,76.6,39.5,10.1,91.4,48.6,39.5,14.8,11.7,16,522,1226,1.4,71.2,52.9,33.4
Anangu Pitjantjatjara (AC),47.6,52.4,28,24.2,19,18.2,14,12,7.4,3.2,1.3,0.8,44.5,6.7,2.3,91.5,27,NA,12.9,42.9,25.1,33.4,5.4,3.7,283,734,2.1,30,25.8,44
Barossa (DC),49.4,50.6,44,18.6,10.7,9.6,12.5,14.2,14.5,11.3,5.9,2.7,54.8,13.2,9.2,82.5,33.7,9.8,92.6,56.5,33.6,15.6,11.8,15.1,646,1596,1.4,74.9,45.3,41.7
Barunga West (DC),51.4,48.6,55,13.7,6.9,6.6,9.1,13.7,17.8,19.1,9,4.1,56.1,6.8,6.8,83.9,30.5,11.3,92.2,52.1,35.7,12.6,8.4,10.3,487,1166,NA,56.1,57.7,30.8
Berri and Barmera (DC),50,50,45,18,10.8,10,10.8,13.7,15.1,11.7,6.8,3.2,47.3,8.6,6.5,80.4,35,15.2,84.2,55.6,32.5,13.9,10.6,13.2,533,1252,0.6,76.9,45.2,35.3
Burnside (C),47.2,52.8,44,17.1,13,9.1,12.1,13.9,13,11.5,6.6,3.8,53.8,42.2,9.5,65.3,35.5,19.6,72.1,53.9,36.3,39.5,12.7,6.6,807,2320,8.1,69,38.9,48.1
Campbelltown (C) (SA),48.6,51.4,41,16.4,12.4,12.6,12.9,14,11.1,9.9,7.7,3.3,51.9,25.4,8.9,61.9,25.8,34,62.1,53.3,35.3,25,15.1,12.5,588,1607,10.6,72.8,37,46
Ceduna (DC),49.7,50.3,39,20.8,12,12.2,12.3,12.3,14.4,10.3,3.7,2,43.2,8.1,6.2,81.8,32.6,9.3,79.9,59,29,13,10.5,11.3,696,1503,0.8,72,43.9,37.8
Charles Sturt (C),48.9,51.1,41,15.6,12.3,14,12.6,14,12.5,9.5,6.3,3.3,45.4,20.3,8.6,66.9,29.1,26.9,68,55.3,32.8,21.8,15.5,12.9,614,1607,10,72.6,39,41.7
Clare and Gilbert Valleys (DC),49.8,50.2,47,18.1,8.7,10.3,10,14.2,16.5,13.1,6.1,3.1,54.7,13.8,8.2,83.3,31.5,17.5,91.8,54.4,35.3,14.7,11.2,13.4,605,1395,0.5,68.6,52.2,35.2
Cleve (DC),52.3,47.7,44,20.5,9.4,10.3,10.6,13.8,15.6,10.8,5.3,3.5,56.3,8.8,6.7,88.8,26.7,12.3,92.9,58.8,32.6,8.9,8.5,13,630,1384,0.4,58.7,50.2,39.6
Coober Pedy (DC),54.6,45.4,46,15.9,8,13.7,10.1,15.2,14.2,14.9,7.1,0.8,37.7,11,6.6,57.9,30.5,16.8,60.4,56.6,24.1,13,11.2,11,497,1329,1.4,71.1,47.4,32.5
Copper Coast (DC),49.8,50.2,50,15.5,9.2,9.1,8.9,13.3,15.9,16.3,8.6,3.1,51.3,7,6,81.8,34.4,12.4,90.3,47.3,37.4,13,10.7,15.2,477,1128,0.6,73.6,53.7,30.1
Elliston (DC),53.7,46.3,46,19.9,6.9,10.2,10.2,15.3,20.8,10.3,4.4,2,54,10.9,6,88,26.3,18.4,94.7,57.3,31.5,8.8,8.2,8,529,1189,0.6,46.5,53.7,38.7
Flinders Ranges (DC),49.1,50.9,50,15.2,9.1,8.9,9.8,15.3,17.6,15,6.7,2.5,46.3,10.2,6,85.1,32.6,16.3,89,56.8,29.7,15.6,7.9,14.4,549,1283,1.4,60.5,54.3,32.1
Franklin Harbour (DC),53,47,49,16.9,8.2,8.1,10.1,14.8,16.1,17.5,4.7,3.5,55.1,5.4,5.8,83.6,28.8,12,89.1,52.3,32.3,9.5,8.2,14.1,536,1283,3.3,56.2,58.6,34.2
Gawler (T),48.2,51.8,41,17.7,12.9,12.2,10.8,13.6,13.1,10,6.9,2.9,45.4,10.5,8.7,76.4,37.6,15,90.4,54.1,32.5,14.9,13.5,15.6,576,1422,5.2,77.7,40.3,38.1
Goyder (DC),50.2,49.8,48,17.2,9,7.9,10.8,14.2,18.2,13.5,6.9,2.2,51.9,8,7.5,81.5,26.5,13.9,91.5,52.8,34.2,9.1,8.5,12.7,481,1184,0.4,63,51.1,36.1
Grant (DC),55,45,44,18.7,10.2,9.4,13.3,17.1,15.3,10.7,3.9,1.4,57.3,8.4,6.3,86.2,34.1,18.2,86.9,56.6,33.9,12.3,12.2,14.3,665,1658,0.2,72.5,45.2,45.5
Mount Gambier (C),48.5,51.5,40,19.9,12.2,12.1,11.7,13.3,12.4,9.9,6,2.6,46.3,9.5,6,83,39.3,18.3,88.7,55.1,33.1,14.5,11.7,14.5,589,1388,0.5,81.4,40.8,38.8
Holdfast Bay (C),47.6,52.4,46,13.5,11,11.6,11.8,13.5,14.9,12.2,7,4.8,46.5,27.2,10.5,71.4,36.1,20.4,84.6,54.7,34.9,27.7,14.7,10.5,748,1973,10.4,68.8,46.4,38
Kangaroo Island (DC),51.1,48.9,49,16.5,7.9,9.5,10.1,14.6,18.1,14.7,5.9,2.6,51.5,13.4,7.1,76.5,43.8,10.2,87.5,46.2,41.7,11.6,8.8,12.1,553,1213,0.8,60.6,53.7,34.7
Karoonda East Murray (DC),51.8,48.2,48,17.5,9.1,6.6,11.7,14.6,15,14,6.8,4.5,59,6.9,5.9,86.7,24.9,9.6,92.6,65,26.7,8.9,4.9,8.5,461,1181,0.8,50.8,47.8,38.1
Kimba (DC),51.3,48.7,40,23.2,7.7,13.1,10.3,13,12.4,10.2,7.1,3,63.3,8.6,7.9,89.3,32.3,12.3,92.4,61,29.6,8.3,9.8,8.3,684,1453,NA,55.7,49.1,41.8
Kingston (DC) (SA),51.8,48.2,50,15.8,8.8,9.9,9.8,11,16.5,15.3,9.7,3,56.1,8,6,86.4,36.7,10.4,92.2,49.8,37,8.5,7.8,11.5,575,1232,0.3,64.4,55.6,34.1
Wudinna (DC),51.2,48.8,42,22.3,8.2,10,12.4,12.9,15.7,10.4,5.1,3,58.2,8.7,5.5,88.2,27.3,16.9,92.5,61.2,30.1,9.8,8,10.9,672,1492,0.9,55.6,47.8,43
Light (RegC),50.5,49.5,39,21.7,12.6,10.2,13.3,15.8,13.6,8.3,3.4,1.1,55.9,11.5,8.6,82.9,36.8,14.1,93.1,56.5,32.9,13.5,12.5,15.4,669,1715,1.9,75.4,37.9,49.4
Lower Eyre Peninsula (DC),53.6,46.4,43,19.8,9.2,10.2,13.4,16,15.1,10.6,4.2,1.4,54.9,10.7,7.6,85.6,33.7,15.2,88.4,54.2,35.2,13.1,11.4,15.1,672,1490,1.3,69.5,47.8,41.9
Loxton Waikerie (DC),50,50,46,17.6,10.4,8.8,10.9,14.3,14.7,13.3,6.6,3.3,53.9,8.2,7.1,84.8,31.1,10.7,89.4,55.8,33.5,11.7,10.5,12.3,552,1286,0.6,72.9,48.4,36.5
Mallala (DC),51.8,48.2,42,19.3,12.3,10.2,13.2,17.8,14,9.2,3.3,1,49.6,5.9,6.3,79.3,37.5,17.6,89,56.9,30.8,8.3,12.1,17.1,606,1498,1.9,76.7,39,47.6
Marion (C),48.1,51.9,39,16.2,12.9,14.8,13.3,12.7,12.8,8.9,5.3,3.1,46.3,22.1,9.6,68,37.1,18.2,77,53.6,34.4,22.6,15,13.8,628,1625,11.4,71.3,38.9,42.4
Mid Murray (DC),53.5,46.5,51,13.2,9,8.5,9.9,15.7,18.2,16.3,7,2.2,48.6,6.7,5.6,80.7,34.4,NA,88.5,52.7,35.1,8.3,8.9,15.5,473,1096,1.4,69.5,54.8,30
Mitcham (C),48.3,51.7,42,17.6,13,10.7,12.9,13.8,12.4,10.3,5.9,3.4,52.8,35.1,10,73.4,39,15.5,81.7,52.4,36.9,33.8,13.2,10.1,715,2071,9.1,69.7,38.2,48
Mount Barker (DC),48.6,51.4,39,20.2,12.6,11.5,13.3,14.3,12.7,9.5,4.1,1.9,51.8,18.1,10.2,80.1,40.5,12.1,91,53.4,35.9,19.7,13,15,677,1729,4.7,73.6,38.6,45.8
Mount Remarkable (DC),51,49,53,14.1,9.1,6.2,9.2,15.3,19.7,15.5,7.8,3.1,55.6,9,7.8,84.8,31,13.9,91.4,58,30.6,13.5,9.7,10.4,497,1217,0.9,59.5,58.8,32.5
Murray Bridge (RC),50.2,49.8,41,17.3,13.1,12.9,11.1,13.5,12.3,11.1,6.2,2.4,45.7,7,6,78.2,35.7,13.6,82.3,54,31.9,9,10.1,13.3,526,1215,0.7,78.5,44.3,35.9
Naracoorte and Lucindale (DC),52,48,41,19.5,10.4,11.9,12.8,13.7,13.2,10.4,5.5,2.7,56.2,10.2,7.3,80.4,29.7,14.4,85.8,58.3,31.5,10.5,9.4,12.8,655,1424,0.4,70.8,47.4,40.3
Northern Areas (DC),51.1,48.9,48,17.7,9.7,8.8,10.1,13.7,16.4,13.9,6.5,3.2,53.9,10.6,7.3,85.9,27.9,21.3,93.2,56,33.4,14,8.4,13.6,540,1304,0.3,63.9,52.1,36.1
Norwood Payneham St Peters (C),47.9,52.1,40,14.4,13,15.5,13,13,11.8,9.3,6.5,3.7,43.6,36.7,8.8,64.9,35.1,24,68.9,54.9,34.4,35.7,13.1,8.9,681,1920,10.8,64.8,41.4,41.1
Onkaparinga (C),48.9,51.1,40,18.7,12.2,12.4,12.9,13.6,12.9,10.4,4.8,2.1,47.9,13.4,9.1,73.1,43.1,13.9,88.3,52.5,34.8,16,14.5,16.7,593,1448,6.1,76,38.5,41.8
Orroroo/Carrieton (DC),49.9,50.1,52,16.2,6.5,9.2,8.2,12.7,19.2,14,8.7,5.2,59,9.6,7.2,83.2,26.2,22.5,91.7,59.4,31.5,14.8,5.8,13.6,513,1326,NA,56.2,59.8,31.2
Peterborough (DC),49.5,50.5,54,14,9,8.3,8.3,11.6,21.5,14.8,9.2,3.2,39.9,5.7,4,82,34.8,19,91.2,41.3,38.6,8.8,8,10,426,890,0.8,65.7,50.5,23.8
Playford (C),49.6,50.4,32,23.1,14.4,15.3,12,12.7,10.3,6.7,4,1.5,39.5,6.3,6.3,71.2,39.7,15,80.9,51.7,30.3,9.8,12.4,15.2,498,1212,5.8,78.5,31.3,40.8
Port Adelaide Enfield (C),49.6,50.4,37,16.7,12.3,16.6,14,13,11.7,8.1,4.7,2.6,43.6,19.8,8,60.8,31.1,19.8,61.8,54.4,31.5,20.7,13.6,13.4,551,1428,10.3,73.6,35.8,42.1
Port Augusta (C),51,49,39,18.9,11.9,13.8,11.5,13.9,13.3,10.2,4.7,1.7,40.3,7.9,5.1,83.8,36.2,16.6,83.2,55,29.1,14.7,12.3,13.6,604,1370,1.1,75.8,40.6,36.3
Port Lincoln (C),49.3,50.7,40,19.4,11.5,12.6,11.4,13,13.2,10.2,5.9,2.8,45.6,10.1,6.4,83.5,37.8,17,88.8,51.2,36.6,15.7,11.7,15.3,603,1398,0.4,78.6,43.6,37.4
Port Pirie City and Dists (M),49,51,44,17.8,12.1,10.3,11,14,13.3,11.7,6.9,2.9,45,7.1,5.4,85.8,33.1,24.8,89.7,50.4,33.5,13.7,10.7,14.9,481,1229,1.1,76,42.4,36.4
Prospect (C),50.2,49.8,37,17,13.1,16,13.6,13.7,12.9,7.4,4.1,2.3,47.8,33.4,9.3,68.6,31.8,24.3,69.4,56.6,32.8,30.7,14.2,10.4,757,2099,10.5,70.7,36.4,49.5
Renmark Paringa (DC),49.8,50.2,44,17.3,11.2,11.5,11.2,13.3,14.5,11.8,6.3,2.9,49.8,7.7,6.7,77.7,34.6,13.1,79.2,54.9,32.4,11.3,10.2,12.2,550,1256,0.7,77.7,46.6,36.4
Robe (DC),51.1,48.9,50,14,8.6,9.5,10.8,15,17.2,14.5,7.7,2.9,52.9,11.7,8.4,83.3,40.4,11.9,91.3,51.2,36.1,9.1,8,12,634,1406,NA,63.9,58.1,34.2
Roxby Downs (M),57.1,42.9,30,26.4,10.8,22.7,16.9,13.7,8.2,1,0.2,0.1,49.4,13.9,6.1,77.6,38.8,20.7,84,71.4,18.7,13.4,8.4,26.4,1547,2760,5.7,73.5,34,56
Salisbury (C),49.8,50.2,35,19.7,13.5,15.3,13.4,13,11.1,8.2,4.4,1.6,45.8,11.6,7,63.4,31.4,19.3,67.2,54.4,30.7,12.9,13.7,14.9,530,1320,7.4,78.3,33.5,43.9
Southern Mallee (DC),51.6,48.4,46,17,8.1,11.2,11.7,14.2,15.1,12.4,7.5,2.9,55.6,9.2,5.8,80.5,28.8,10,87.7,59.6,29.7,7.8,6.2,9.8,604,1430,0.4,61.4,48.1,39.6
Streaky Bay (DC),53,47,45,19.8,8.2,9.2,11.6,14.2,18.3,11.1,5,2.7,55.8,9.5,5.8,87.4,31.8,23.6,91.7,52.6,35,11.5,9,13.2,594,1370,0.5,62.3,50.5,38.3
Tatiara (DC),52.6,47.4,42,19,11.3,11.1,12.2,14.9,13,9.8,5.5,3,55.2,8.3,7.5,80.5,32.7,11.9,85.7,61.1,29.7,9.6,9.3,12.6,652,1409,0.3,67.4,47.5,41.7
Tea Tree Gully (C),48.9,51.1,41,17.6,12.2,12.1,13,14,12.8,10.7,5.4,2.1,53,17,9.9,72.1,34.9,19,83.9,56,33.2,19,16.8,15.3,655,1676,10,74.9,39.7,43.9
The Coorong (DC),51.3,48.7,46,18.1,9.9,9.5,10.7,13.9,15.3,13.9,6.7,2.1,49.9,6.4,6.5,84,32.7,11.6,89.7,57.4,32.7,8.2,8.4,9.2,499,1164,0.8,60.3,50.5,33.6
Tumby Bay (DC),49.1,50.9,50,16.6,7.7,8.5,9.3,13.9,16.7,15.2,8.5,3.6,56.9,9,6.4,88.5,33.2,12.8,94.3,56.3,33.7,11.9,10,12.5,570,1296,0.8,63.8,55.9,33.9
Unley (C),47.1,52.9,41,15.9,12.6,13.6,13.1,13.1,12.5,9.5,5.3,4.3,46.4,40.7,9,70.5,38.2,17.2,76.1,55.1,34.8,38.5,12.4,7.4,791,2289,11.3,62.7,40.2,45.1
Victor Harbor (C),47.2,52.8,58,13,7.5,6.7,8.4,10.3,14.8,21.6,12.3,5.4,55.8,11.9,9,74.7,35.2,10,91.4,41.6,45.2,15.4,11.5,14.4,481,1065,1,71.5,61,25.6
Wakefield (DC),50.9,49.1,44,19.5,10.6,10,11,13.8,14.7,11.6,5.7,2.9,50.1,8,6.1,82.8,32.3,12.7,90.4,54.1,33.3,8.9,9.3,11.6,549,1289,0.8,65.9,43.8,39.4
Walkerville (M),48.7,51.3,44,14.8,13.7,10.7,11.1,13.5,13.8,11,7.5,4.1,50.3,38.6,9.4,67,32.9,19.5,73.6,55.4,34.9,38.5,12.5,6.5,796,2326,8.1,68.1,43.6,43.6
Wattle Range (DC),50.5,49.5,46,18.2,10.2,8.6,11.4,14.7,15.8,12.3,6,2.8,51.7,7.9,5.6,84.3,39,19,90.9,53,33.2,11,9,12.9,547,1326,0.3,70.6,47.7,37.9
West Torrens (C),48.8,51.2,38,14.7,13.7,17.4,13.3,12.6,10.5,8,6.2,3.7,43.9,25.5,8.9,64.1,31,21.5,64.3,53.6,34.3,23.8,14.9,12.2,614,1612,12.4,67.8,39.7,42.6
Whyalla (C),50,50,40,19.2,12.2,12.7,11.8,14.8,12.4,9.4,5.7,2,42.5,8.6,5.5,73.8,38.6,19.5,87,52.5,29.5,14.7,9.8,17.9,497,1388,3.7,75.2,40.5,37.1
Unincorporated SA,61.1,38.9,43,13.9,9.1,15.5,14.6,18.1,16.6,8.6,2.9,0.7,38.6,7.5,5.4,75.3,31.8,12.4,72.2,68.9,19.6,8.4,7.4,18.5,774,1280,5.7,40.3,44.4,37.6
Yorke Peninsula (DC),51.6,48.4,55,13.7,7,7.1,8.1,12.7,18.7,18.8,9.6,4.2,55.5,7.3,6.5,84.3,28.9,11.6,93.1,51.5,35.9,10.3,9.4,13.2,483,1124,0.6,58.6,60.1,29
Yankalilla (DC),49.4,50.6,54,14.2,7.5,7.2,8.8,13.1,20.3,18.5,7.8,2.7,54.4,12.3,9.5,75,44.1,10,91.1,45.1,42.3,12.2,10.9,14.8,496,1189,0.8,66.2,58.3,29.6
Break O'Day (M),50.7,49.3,54,14.2,7.4,6.3,9.1,13.8,20.7,18.6,7.5,2.5,48.4,10.3,6.4,78,36.1,11.6,90.4,41.1,41.5,12.3,10.2,13.7,439,955,0.4,66.5,57.4,28.1
Brighton (M),48.8,51.2,34,23.6,13.6,13.2,13,12.4,12.2,8,3.2,0.9,40.6,5.6,5.5,87.4,39.7,18.6,91.5,54.5,32,8.5,14.4,16.4,568,1303,2.7,79.5,32.1,41
Burnie (C),48.1,51.9,41,18.3,13.7,11.4,11.5,13.8,12.8,10.2,5.9,2.3,43.3,9.7,6.7,85.1,37.6,15.4,91.6,51.5,34.1,14.6,13.2,14.3,523,1272,1.2,77,41.2,37.2
Central Coast (M) (Tas.),48.6,51.4,46,16.9,11.1,9.1,10.7,14.3,15.7,12.9,6.9,2.4,51.6,11.3,7.3,84.2,36.1,14.2,92.5,51.8,35,15.7,11.4,16.2,528,1301,0.8,75.5,47,36.2
Central Highlands (M) (Tas.),53.3,46.7,50,16.2,7.5,8.9,10.9,14.8,17.8,16.4,6.2,1,46.6,9.5,5.9,82.6,32.3,18.4,92.6,53.6,30.9,7.4,7.1,15.1,467,1074,0.6,62,54.6,31.1
Meander Valley (M),48.9,51.1,45,17.3,11.4,9.7,11.3,14.6,14.9,12.1,6.2,2.6,51.5,11.9,7.5,82.7,32.5,16.3,91.3,53.4,34.8,14.7,12.7,14.3,537,1359,0.8,74,44.6,40.6
Circular Head (M),51.1,48.9,41,20.4,12.4,10.9,11,14,14.7,10.2,5,1.5,48.5,6,5.6,82.5,32.7,15.7,90.3,56.8,31.5,7.8,8.5,11.3,581,1385,0.3,69.8,43.6,41.5
Clarence (C),48.5,51.5,43,17.9,11,11.4,12.4,13.5,13.9,11.2,6.2,2.7,47.9,18.8,8.8,84.3,37.8,18.5,90.3,54.7,34.8,21.5,16.3,13.8,673,1644,5.9,74.4,41.4,39.8
Derwent Valley (M),50,50,43,18.8,10.9,10.5,11.7,14.7,14.7,11.4,5.7,1.5,45.1,6.6,6,84.1,34.5,18.6,92,51.5,33.2,9.8,11.3,16.2,505,1264,2.1,75.6,41.4,39
Devonport (C),47.2,52.8,43,18.2,11.6,11,11.3,13.3,13.4,11.9,6.6,2.8,44.5,9.3,7.2,84.8,36.5,14.8,91.3,50.1,35.7,14,12,15,514,1224,0.8,77.4,41.9,35.7
Dorset (M),50.2,49.8,48,17.1,10.1,9.4,9.9,13.2,16.7,13.9,7.1,2.6,50.4,7.3,5.7,83,34.4,10.3,91,52.5,33,8.7,8.6,12.7,478,1114,0.3,68,51.1,34.5
Flinders (M) (Tas.),54.3,45.7,53,14.6,6.5,7.4,9.7,13.4,21.7,18.7,6.3,1.7,45.9,15,9.7,83.9,44.4,11.5,93.1,49.1,35.9,13,6.7,14.8,575,1362,NA,64,57.4,32.2
George Town (M),49.9,50.1,46,18.5,10.6,8.8,10.2,14.6,15.9,13.5,6.2,1.9,47.9,7.3,5.6,79.6,37.1,15.3,89.7,50.2,31.5,10.7,9.7,16.8,457,1087,1,77.5,47.4,32.8
Glamorgan/Spring Bay (M),50.9,49.1,56,12.2,5.9,7.1,9.2,13.2,20.3,21.2,8.2,2.5,52.2,10.3,8.7,79.8,31.1,13,89.3,46.9,38.5,10.4,9.6,14.8,498,1054,0.8,61.1,62.7,24.7
Glenorchy (C),48.4,51.6,39,18.2,12.5,13.4,12.2,13.3,12.6,9.4,5.9,2.5,38.4,10.4,6.4,79.9,35.1,19.6,83.9,53.3,33.7,13.4,15.9,15.4,561,1321,6.1,74.3,36.4,37.1
Hobart (C),48.7,51.3,39,14.3,15.1,15.4,12.6,12.9,12.7,9.3,4.9,2.8,41.4,39.8,8.2,71.2,46.4,14.2,79.1,51.9,36.6,36.7,12.6,8.9,718,2023,5.6,55.8,45,39.5
Huon Valley (M),49.9,50.1,45,17.9,9.9,9.2,11.7,14.6,16.6,12.9,5.5,1.6,48.5,15.7,8.6,77.2,42.3,15.2,89.8,50.3,37.1,15.8,12.2,15.6,495,1246,1.7,72.4,47.5,37.6
Kentish (M),51.1,48.9,47,16.7,10.5,8.8,10.8,16.5,16.9,13.1,5.1,1.6,53.3,9.9,7.7,79.4,37.5,11.5,90.3,48.9,36.5,12,9,16.3,475,1167,0.6,70.3,49.7,36.5
King Island (M),51.1,48.9,47,15.5,8,13,9.8,14,17.1,12.2,7.5,2.7,48.7,11.9,7.4,79.6,42.9,13.8,87.9,61.1,27.8,8.4,8.7,11.9,707,1642,0.4,65.2,55,33.4
Kingborough (M),48.3,51.7,42,19.9,10.7,10.6,12.4,13.6,14.2,11,5.5,2,52,26.4,9.8,78.4,42.4,14.2,89.6,52.2,37.6,26,14.7,13.3,672,1694,5.3,72.8,40.8,42.7
Latrobe (M) (Tas.),49.1,50.9,47,16.7,9.3,9.3,11.3,13.8,15.6,14.3,7.1,2.4,53.2,10.1,7.3,84.2,33.8,15.9,91.8,54.3,32.8,13.9,10.3,16.6,555,1320,0.6,76,49.5,35.2
Launceston (C),48.4,51.6,39,17.8,14.4,12.5,12,13.1,12.3,10,5.4,2.6,42.1,16.1,7,79.6,36.8,14,85.9,51.2,35.3,20.3,12.4,13.1,562,1362,1.7,74.6,39.8,38.1
Northern Midlands (M),49.6,50.4,46,17.1,10.8,9.4,11.1,14.6,15.5,13.1,6.3,1.9,50.9,10.1,7,82.9,31.2,13,90.9,54.7,33.6,12,11.3,15.4,555,1326,0.6,72.8,46.7,38.7
Sorell (M),49.5,50.5,42,18.6,10.9,11.6,11.8,14.3,15,11.1,4.9,1.8,45.5,10.5,7.8,84.3,39.7,15.9,92.1,52.5,35.1,13.2,15.2,16.5,587,1391,1.6,77.8,42.4,38.2
Southern Midlands (M),51.5,48.5,44,18.7,11.2,9.7,10.9,15.9,16.2,11.4,4.4,1.4,49.2,6.7,5,85,31.3,16.8,92.3,55.7,31.7,8.7,10.5,16.2,533,1268,1,71.2,43,40.3
Tasman (M),51.4,48.6,55,13.6,5.6,6.4,9.2,14.6,21.5,18.7,7.8,2.6,48.3,12.2,7.9,74.9,40.2,11.3,87.2,42.4,43.7,13.4,9.2,13.2,462,985,0.8,59.7,59.5,26.8
Waratah/Wynyard (M),49.5,50.5,46,17.1,10.3,9.4,10.6,14.8,15.4,12.9,7.2,2.3,49.4,9.7,7.1,83.3,36.5,15,92.1,51.9,34.8,14.3,11.3,15.4,498,1247,1.1,74.9,47.5,36.2
West Coast (M),52,48,44,18.6,9.2,11.2,12.1,16,16,10.8,5.3,0.9,40.8,7,5,82.1,33.3,22.5,89.9,50.3,29.1,9.9,7.9,16.7,469,1258,0.5,68.6,46.7,35.2
West Tamar (M),49,51,45,17.6,11.5,9.2,10.9,14.3,15.6,12.6,6.1,2.2,53.6,16.8,8.5,79.6,36,13.5,90.4,51.6,35.9,20.8,12.6,15.1,564,1418,1.1,76.3,45.9,39.7
Alpine (S),49.2,50.8,49,15.8,8.9,7.6,11.2,14.7,17.4,13.9,7.4,3.1,52.1,15.4,9.5,76.5,35.2,23.5,84.3,52.6,36.6,14.6,9.2,15.8,562,1322,1.1,65.1,50.7,35.1
Ararat (RC),53,47,46,15.5,9.8,10.7,11.6,13.8,15.4,12.7,7.3,3.1,47.4,10.3,7.8,82.5,32.5,19.5,83.6,54.8,33.7,13.2,8.4,11.8,556,1263,0.6,69.9,48.1,35.1
Moyne (S),50,50,43,20.4,10.2,9.3,12,14.4,15.1,11.1,5.3,2.3,54.1,14.2,9.1,84.1,30.1,28.2,90.4,57,32.2,13.9,8.5,12.1,620,1486,0.5,63.5,44.5,42.8
Ballarat (C),48.1,51.9,38,19.2,13.9,13,12.2,12.7,11.9,9.6,5.4,2.4,44.1,18.9,8.5,83.7,36.9,24.3,88.5,52.9,34.6,21.8,12.6,14.4,590,1489,3.2,76.3,38.5,41
Banyule (C),48.6,51.4,39,18.1,11.7,13.4,14.3,13.3,12,9.5,5.3,2.7,50.7,31.8,9.7,71.5,34.6,27.2,73.8,57,32.9,30.2,14.8,12.2,728,2033,16.7,66.4,34.9,48.3
Bass Coast (S),48.5,51.5,50,16.3,8.2,8.8,10.2,12.9,15.8,16.1,8.1,3.5,49.9,13.3,9,76.7,39,19.1,88,47,39.3,15.3,10.1,17.1,507,1192,1.1,70.4,49.5,33
Baw Baw (S),48.6,51.4,42,19.1,11.4,10.9,11.2,13.4,13.8,11.8,6.1,2.3,51.7,13.9,8.9,81.3,35,20,89.5,55,33.6,16.6,11.2,16.5,585,1462,2.8,73.4,43.1,40.9
Bayside (C),47.6,52.4,44,19,11.5,8.2,12.8,16.4,13,10,5.5,3.7,54.6,39.1,10.7,69,35.8,22.7,80.2,57.2,34.1,33.7,12.8,6.9,897,2765,16.5,63.4,34.9,51.8
Benalla (RC),48.5,51.5,49,15.7,10.3,8.7,9.5,13.5,16.3,14.3,7.9,3.8,49.5,11.5,9,82.8,31.2,21.1,89.1,54.2,33.7,15.2,10.9,15.6,537,1232,0.7,71.6,50.5,31.7
Boroondara (C),47.9,52.1,38,17.2,15.1,13.5,12.4,14.4,11.3,8.3,4.8,2.9,50.5,46.9,8.8,64.2,36.7,21.7,68.1,57.1,33.3,39.4,12.6,5.9,869,2652,21.5,57.4,34.3,51.6
Brimbank (C),50,50,35,18.4,14.1,16.1,13.5,12.8,11.4,8,4.1,1.5,49.5,16,8,44.9,16.8,31.3,35.7,54.3,30.1,14.5,13.7,13.8,487,1358,13.8,75.1,28.5,49.1
Buloke (S),50.6,49.4,51,16.1,8.8,7.6,9,13.8,16.7,13.4,9.4,5.4,52.9,9.8,6.2,84,23.7,26.3,88.4,56,33.6,14,8.7,10.5,473,1110,0.5,59.5,50.9,35.9
Campaspe (S),49.4,50.6,45,17.9,11,9.5,10.6,13.7,14.4,12.3,7.4,3.1,50.5,9.8,7.2,84.3,29.1,24,89.6,55.5,33,13.2,9.7,14.5,561,1349,0.4,71.3,45.4,38.5
Cardinia (S),49.2,50.8,34,23,12.9,14.5,14.1,13.3,10.2,7.3,3.3,1.3,50.5,13.8,10,74.8,36.2,21.7,83.2,59,30.5,14.5,14.1,18.2,680,1700,5.7,77,32.5,50.5
Casey (C),49.8,50.2,34,22.6,13.9,14.8,14.9,13.3,10.1,6.1,3,1.2,53.8,16.6,10.2,56.2,24.3,23.9,59.2,59,29.1,15,14.6,16.3,640,1655,7.9,79.2,27.7,55.7
Central Goldfields (S),49.4,50.6,50,15.5,10.1,7.7,9.4,13.3,15.6,15.7,9.1,3.4,43.9,7.4,5.9,82,34.2,18.3,90.4,48.5,36.8,11.3,9.3,16.6,452,1001,0.5,73.5,47.9,31.3
Hepburn (S),48.2,51.8,50,15.6,8,7.4,11.3,14.9,18.3,14.8,6.7,3.1,46.5,19.8,10.2,76.1,40.9,18.1,86.5,48.6,38.9,19.1,10.7,15.8,532,1287,3.2,66.8,49.1,35.1
Colac-Otway (S),50,50,45,17.6,10.9,10.5,10.8,13.5,15,12.3,6.7,2.8,47.3,11.6,8.2,83.3,34.8,25.1,89,52.9,36.5,12.3,9.1,13.7,574,1362,0.7,70.5,43.8,38.8
Corangamite (S),50.3,49.7,46,18.2,11,8.5,10.4,14.3,14.9,12.3,7.5,2.9,51.5,10.4,7,84.5,29,26.6,90.4,57.2,31.9,11.5,7.4,11.8,542,1301,0.6,59.8,45.1,39.7
Glenelg (S),49.8,50.2,47,16.2,10.7,8.5,11,15.1,16.2,12.6,6.8,2.8,48.9,9.2,7,82.8,33.7,15.9,89.9,52.6,34.3,13.4,9.6,14.5,536,1362,0.5,70.9,46.6,36.6
Darebin (C),48.3,51.7,36,16,12.4,19.4,15.6,13.1,9.3,6.4,5.3,2.5,40.7,32.7,8.4,59.3,35,24,56.3,56,32.2,30.7,13,11,650,1784,24.4,55.7,37.1,44.6
East Gippsland (S),49.1,50.9,50,15.8,9.1,8.5,9.5,12.8,16,16.7,8.5,3.1,50.9,11.1,8.4,79.1,36.5,17.1,87.9,49.1,37.2,14.7,10.9,14.7,506,1192,1,71,51.8,32.6
Unincorporated Vic,53.6,46.4,31,16.2,16.2,24.7,16,9.7,9.5,6,2.1,0,29.7,18,8.5,57.9,45.5,9,62.6,69.2,23.9,10,5.2,10,741,1430,6.6,16.7,44.9,39.1
Frankston (C),48.8,51.2,38,18.6,12.3,13.8,13.9,14,12,8.7,4.6,2,43.3,14.5,10.2,71.5,38.9,20.2,82.5,57.8,30.8,16.4,14,17.2,660,1649,5.9,78.5,33.9,43.9
Gannawarra (S),49.8,50.2,49,15.9,10.1,8,9.5,13.5,15.3,14.7,9.3,3.6,52.2,7.9,6.2,86.5,27.8,20.6,91,54.8,34,11.3,9.8,12.9,498,1188,0.3,65.9,50.8,36.3
Glen Eira (C),48.4,51.6,37,18.3,12.5,15.6,14.4,13.4,10.7,7.5,4.6,3,49.4,40.6,9.7,58.3,31.2,17.4,63.9,58,32.2,34.5,13.5,8.8,780,2248,22,61.1,35.7,50.2
Golden Plains (S),50.8,49.2,39,22.8,11.4,9.8,14.2,15.1,13.4,9.2,3.1,1,56.7,14.3,9.4,84.2,37.3,22.8,91.9,55.9,33.3,15.4,11.9,18.3,628,1630,1.8,76.6,37.7,50.7
Greater Bendigo (C),48.5,51.5,39,19.2,13.3,12.4,11.9,12.8,12.7,9.8,5.5,2.5,46.2,16.3,8.2,84.5,35.9,22.1,88.6,53.2,34.7,20.1,12.4,14.5,604,1452,1.9,76.5,39.7,40.4
Greater Dandenong (C),51,49,35,18,13.8,17.9,13.6,11.7,10.4,7.8,4.6,2,50.8,16.5,8.6,35.8,16.9,19.9,29.8,55.6,29.3,13.5,11.4,15.5,475,1260,12.4,76.8,29.7,49
Greater Geelong (C),48.5,51.5,40,18,12.9,12.7,12.5,12.8,12.3,10.1,5.7,2.8,47.4,18.7,9.5,77.1,33.6,25.4,83.2,53.3,34.9,20.8,12.2,15,600,1576,5.4,75.3,39.1,42.2
Greater Shepparton (C),49.7,50.3,39,19.9,12.4,12.3,12.2,13.4,12.4,9.7,5.5,2.3,49.2,12.2,7.7,76,27.1,24.7,76.8,56.5,31.2,17.1,11.8,13.7,588,1417,0.6,77.6,38.6,42.7
Hindmarsh (S),49.8,50.2,50,15.1,9.9,8.5,9.2,13.7,16.7,13.4,8.3,5.1,53.3,9.1,6.8,83.5,23,11.4,88.1,58.3,30.6,13.2,9.1,11.2,497,1217,0.4,64.5,51.6,35.2
Hobsons Bay (C),49.1,50.9,38,18.4,11,14.7,15.2,14.2,11.6,7.7,4.9,2.2,47.8,26.1,9,63.3,30.9,27.1,65.6,60.1,28.6,24.7,14.4,12.4,704,1921,17.4,67.4,34.3,47.4
Horsham (RC),48.8,51.2,42,19,11.6,11.6,11.1,12.8,13.6,10.3,6.7,3.1,50.3,13,8.7,87.7,29.5,16.9,90.8,55.1,33.9,17.2,11.6,14.3,617,1408,0.7,74.4,43.4,39.5
Hume (C),49.8,50.2,33,22.3,14.5,15.8,13.9,13.4,10,6.3,3,1,51.4,14.8,9,57.7,17,31,49.5,56.2,29.9,14.1,14.8,15.4,529,1473,10.3,77,25.9,54.7
Indigo (S),49.3,50.7,46,17.9,9.6,7.8,12.1,15.5,16.5,12.8,5.6,2.2,53,17.8,9.8,84.5,33.1,20.6,90.8,54.8,34.1,19.1,10.7,14.3,641,1540,0.8,70.9,46,40.1
Wangaratta (RC),48.2,51.8,45,18,10.4,9.3,11.6,13.6,14.5,12,6.9,3.6,49.8,14.1,9.3,83.9,29.8,27,88,54.1,35.1,17.8,11.2,14,595,1386,0.7,72.7,44.7,38.8
Kingston (C) (Vic.),48.6,51.4,40,17.6,11.2,13.1,14.8,14.3,11.6,8.9,5.5,2.7,49.9,25.3,10.6,63.3,31.4,25.7,69,59,31.1,24.3,15.2,13.4,704,1938,13.5,71.5,34.9,48.3
Knox (C),48.9,51.1,39,17.5,13,13.2,13.5,14.4,12.9,8.8,4.6,2,52.3,22.4,10.3,65.5,33.6,21.5,71,58.4,31.5,20.9,15.7,15.2,664,1820,8.4,78.4,33.1,50.6
Latrobe (C) (Vic.),48.9,51.1,41,18.1,12.5,12.3,11.4,13.3,13.8,10.4,5.7,2.4,44.8,10.8,7.4,78.4,35.2,23,85.5,51.6,32.9,15.2,13.6,17.8,544,1415,1.8,78.6,40.6,38.3
Loddon (S),51.2,48.8,51,15.9,8.6,6.9,9.6,14.3,18,15.2,8.2,3.4,51,8.6,6.8,79.8,28.9,16.7,86.3,55.7,31.3,10.7,8.4,8.8,467,1116,0.3,57.9,52.4,33.8
Macedon Ranges (S),49.2,50.8,42,20.5,10.9,8.5,13.6,15.5,13.8,11,4.4,1.8,54.7,22,10.4,79.8,37,25.5,89,55.8,34.3,22.2,13,16,702,1932,7.7,70.4,38.6,48.8
Manningham (C),48.4,51.6,43,16.1,12.7,11.1,12.1,14.4,12.5,10.6,7.5,3.2,57.8,32.3,9.7,55.7,30.7,22.5,53.6,55.7,34,28.5,14.4,10.5,629,1895,12.9,71.3,35.4,50.6
Mansfield (S),49.8,50.2,48,17.9,9.3,7.7,11,13.5,16.7,15.2,6.3,2.4,51,15,9.2,79.5,35.8,21.7,88.5,53.3,37.3,15.2,9.8,16.9,580,1338,1.5,64.6,50.1,36.3
Maribyrnong (C),50.3,49.7,33,16,13.2,23.1,17.1,12,8.8,4.9,3.1,1.7,39.9,34,8.9,52.4,36.4,20.2,51.1,58.1,29.3,28.7,12.7,10,703,1913,26.2,56.6,38,43.2
Maroondah (C),48.4,51.6,38,18.6,12,13.8,14.1,13.8,11.5,8.8,4.9,2.4,50.6,24.2,10.8,72.2,36.3,20,78.8,58.1,32.2,23.7,15.1,14.9,696,1895,11.8,73.7,34.4,48.4
Melbourne (C),48.6,51.4,28,6.4,29.7,32.7,11.8,7.2,5.8,3.8,1.7,0.9,25.7,44.9,7.2,32.7,44.5,12.9,40.5,57.2,27.5,39.4,11.2,7.3,642,2062,32,23.6,59,22.8
Melton (C),49.4,50.6,33,24.6,13,15.4,16.8,12.5,9.2,5.6,2.1,0.7,51.7,16,9.1,63.5,21.9,32.9,61.3,59.4,28,14.8,15.8,14.8,658,1683,10,78.2,26.5,54.8
Mildura (RC),49.1,50.9,40,19,12.4,12.1,11.4,13.1,13.1,10.2,5.9,2.6,47,10.4,7.1,79.3,33.5,22.1,82.3,55.9,31.1,15.8,11.2,13.5,555,1340,0.7,77.6,41.3,39.5
Mitchell (S),50.3,49.7,37,20.7,13.1,12.7,12.6,14.2,12.4,8.8,4,1.4,47.6,10.6,8.7,79.1,31.9,28.5,84.9,58.6,29.8,12.6,13.6,17.5,648,1620,5.1,75.4,35.5,46.4
Moira (S),49.9,50.1,47,17.6,10.6,9.3,10,13,14.5,13.6,8.2,3.2,51.4,8.6,7.2,81.7,26,28.7,87.9,56.3,31.4,11.9,9.5,14,524,1283,0.4,69.3,47.3,36.3
Monash (C),49.1,50.9,37,15.8,16.6,14.9,12.9,12.7,10.1,8.4,6,2.8,51.7,34.8,9.3,46,31.4,18.9,45.4,55.6,32.2,30.4,14.2,10.4,569,1809,17.4,68.1,34.3,49.7
Moonee Valley (C),48.3,51.7,38,16.8,12.2,16,14.3,13.6,11,8,5.5,2.5,47.7,31.1,9,65.9,25.9,38.1,64.5,59.2,30.4,29.3,15.4,10.2,744,2098,19.9,63.2,35.5,47.5
Moorabool (S),49.5,50.5,40,20.3,11.9,11,13.3,14.9,13,10.1,4,1.5,50.3,14.1,9.1,80.6,35,28.4,88.6,57.8,30.9,15.9,14.1,16.5,635,1670,6.7,74.1,37.3,46.3
Moreland (C),48.9,51.1,34,16,12.3,21.8,15.8,11.8,8.5,5.9,5.2,2.7,41.6,33.6,8.4,59.2,31.9,27,56,58,30.5,31.1,13.5,11.5,680,1843,26,53.2,38.8,44.1
Mornington Peninsula (S),48.3,51.7,46,17.4,10.6,8.7,11.6,13.7,13.6,13.5,7.8,3.3,51.2,17.2,10.6,75.5,38.8,20.5,88.9,53.5,36.3,18.8,12,17.7,630,1621,2.7,76,42.9,40.9
Mount Alexander (S),50,50,49,15.1,8.9,8.3,11.5,15,17.2,14,7.1,3,44.3,22.4,9,79.2,45.1,11.8,85,48.4,40.6,23.8,9.6,13.8,550,1311,5.7,65.8,47.1,35.3
Murrindindi (S),50.7,49.3,48,15.9,8.8,8.1,11.7,14.4,17.3,15.2,6.2,2.3,50.1,12.9,9.5,79.2,39.3,16.9,88.6,54.1,34.4,13.7,11.1,18.3,553,1388,1.8,68.6,50.2,37.4
Nillumbik (S),49.4,50.6,41,19.6,13.9,9.2,13.1,16.5,14.5,8.8,3.2,1.2,56.1,28.4,10.9,80,40.8,24,86.8,55.8,35.5,25.9,14.8,14.4,784,2307,9.8,73.2,31,56.8
Northern Grampians (S),49.4,50.6,48,15,10.3,9.4,10.2,14.3,16,14,7.4,3.5,48.8,9.8,7.2,84.4,32.9,18.5,89.7,54.5,33.4,11.9,8.9,11.8,513,1257,0.6,69.6,49.8,35
Port Phillip (C),48.9,51.1,36,11.7,9.4,26,18,13.4,10.1,6.9,3.2,1.4,32.5,43.6,9.5,57.9,42.3,17.5,69.4,67.2,23.8,37.8,12.3,7.7,1087,2559,27.7,45.7,54.1,31.6
Pyrenees (S),52.9,47.1,50,15.6,8.1,7.9,10.9,14.4,18.4,16,6.2,2.5,48.8,9.5,7.9,81.5,31.7,17.3,84.6,52.1,34.5,11.2,10.1,13.5,472,1148,0.9,66.5,49.8,36.5
Queenscliffe (B),46.5,53.5,60,11.5,7.3,4.5,7.2,11.6,17.5,21.8,13.4,5.2,60.9,31.1,13.2,80.6,33.9,19.6,88.9,46.9,43.4,31.9,11.8,11.4,671,1571,4.8,61.7,60.3,28.9
South Gippsland (S),49,51,47,17.8,9.6,8.8,10.4,13.8,15.8,14.1,6.8,2.8,52.6,12.7,8.3,80.1,38.1,17.4,89,51.9,36.4,13.4,10.2,15.1,537,1320,0.8,66,47.6,38.2
Southern Grampians (S),48.7,51.3,46,17.2,10.9,9.2,10.4,13.7,15.2,12.7,7.1,3.7,52.2,13.4,8.2,84.9,28.3,18.9,91.8,54.4,34.8,15.6,10.5,13.9,576,1370,0.5,66.8,46.4,39
Stonnington (C),47.5,52.5,35,12.3,13.7,23.7,13.6,11.7,9.6,7.8,5,2.4,38.9,47.1,9.1,60.8,36.9,18.6,69.6,64,27.1,39.8,12.3,6.1,1042,2680,28.4,47.7,48.6,37.5
Strathbogie (S),49.4,50.6,52,14.8,8.1,8.1,9.5,13.3,17.9,16,8.6,3.7,49.9,12.3,9.1,81.4,31.7,23.2,88.7,54.1,34.4,14.2,9.1,14.1,546,1293,1.3,66.6,52.6,31.9
Surf Coast (S),49.6,50.4,42,20.5,9.7,9.9,14,14.3,13.9,10.8,4.7,1.9,55.4,27,11.6,82.4,42.4,21.1,90.5,53.3,37.3,25.1,11,14.8,722,1876,3.6,70.9,41.1,47.2
Swan Hill (RC),50.4,49.6,40,19.1,12,12.2,11.2,13.2,13.4,10,6.2,2.7,50.7,9,6.6,74.7,26.6,24.3,76.4,58.2,29.9,14.1,10.7,13.2,580,1358,0.5,73.4,42.5,41
Towong (S),51.4,48.6,50,16.2,9.1,7.6,9.5,14.8,17.3,15.3,7.2,3.3,55.3,11.2,9,82.7,28.9,18.2,90.4,55.5,32.2,14.3,9.5,13.9,535,1340,0.6,62.1,54.5,34.4
Warrnambool (C),48,52,40,18.2,13.3,12.1,11.7,13.3,12.6,10.1,5.9,2.9,46,15.5,8.3,84.1,32.1,30.2,88.6,52.5,36.4,18.9,11.5,14.2,618,1503,0.7,77.7,40.9,40.6
Wellington (S),50.5,49.5,43,17.8,10.9,11.3,11.4,13.3,15.2,11.9,6,2.4,49.8,11.5,7.7,80.6,32.9,19.9,86.9,54.5,32.7,15.6,10.2,16.2,562,1409,0.7,70.3,45.4,39
West Wimmera (S),50.3,49.7,48,17.2,9.2,9,9.2,15.3,15.4,13.3,8,3.4,54,10.4,8.1,87.5,26.8,17.3,92.7,58.7,30.8,12.1,6.7,8.5,555,1302,0.3,55.7,50.7,37.9
Whitehorse (C),48.2,51.8,38,16.8,14.5,14.1,13.3,13.1,10.7,8.4,6,3.1,51.5,35.9,10.2,57.2,36.8,18.7,59.4,54.7,34.2,31.8,13.9,10.2,619,1916,19.4,64.6,34.5,49.5
Whittlesea (C),49.4,50.6,34,21.3,12.8,17.1,14.9,12.4,9.8,6.8,3.7,1.2,53.7,18,9.5,58.4,20.1,28,51.1,57.6,30,16.2,14.8,15.4,591,1569,10.9,76.9,29,53.2
Wodonga (C),49,51,36,20.6,13.7,13.7,12.3,12.8,12,8.6,4.4,1.9,46.5,13.2,9.7,83,31.1,24.7,87.9,57.9,30.9,16.3,12.6,16.6,674,1550,0.8,79.5,38.9,41
Wyndham (C),50.1,49.9,32,24.8,12.1,18.8,16.8,11.7,8.2,4.9,2.1,0.7,55.5,24.4,10,52.8,22.7,24,53.1,60.2,26.8,18.5,15.3,12.7,685,1714,15.3,73.1,27.1,56.5
Yarra Ranges (S),49.4,50.6,40,19,12.5,12,13.2,14.5,13.2,9.6,4.2,1.7,50.2,17.1,10.6,77.9,42.4,18.1,88,56.5,33.6,17.8,13.5,18.6,667,1770,6.4,75.8,36.1,47.6
Yarra (C),48.5,51.5,33,11.1,11.2,30.6,16.2,11.4,8.9,6.1,3.2,1.2,28.3,48.2,7.7,61.2,48.7,16.3,68.8,66,24.8,42.9,10.9,6.9,1039,2509,28.9,36.2,52.9,30.4
Yarriambiack (S),50.5,49.5,50,15.8,9.7,8.5,8.3,14,16.3,13.8,8.5,5,52.2,8.3,7.4,84.9,25.8,16.4,89.3,55.3,33,12.8,8.3,10.5,491,1179,0.8,62.4,50.8,34
Albany (C),49.3,50.7,43,18.5,11.4,10.5,11.4,13.5,13.9,11.3,6.4,2.9,49.8,13,8.8,74.4,37.9,12.8,87,52.7,36,16,11.1,16,611,1508,1,76.1,45.3,38.4
Armadale (C),49.7,50.3,33,22.2,12.5,17.3,14.2,12.2,10.2,7,3.2,1.2,49.3,16,9.1,58.7,33,17.1,75.1,57.5,28.2,15.8,14.3,17.6,698,1719,8.1,75.8,34,47.3
Ashburton (S),72.4,27.6,36,13.3,6.2,26.5,23.5,18.5,10.4,1.5,0.3,0.1,47.6,11,6.7,56.4,33.7,20.7,72.3,80.6,9.1,10.2,5.5,34.1,2381,2889,49.1,25.2,33.1,56
Augusta-Margaret River (S),50,50,39,21.7,7.9,12.3,16.4,13.7,13.5,8.8,4,1.6,49.6,20,9.6,69.6,48,13.5,85.3,48.4,39.3,15.9,9.1,17.2,671,1524,2,64,42.2,43.2
Bassendean (T),49.2,50.8,39,17.9,10.8,14.9,14.9,13.8,11.8,8.5,5.1,2.2,44.1,22,9.2,65,35.3,24.5,79.3,57.6,29.5,23.5,15.4,15.5,731,1904,13,68.7,38.4,41.9
Bayswater (C),49.8,50.2,37,15.7,11.4,18.5,14.9,12.6,11.2,8.3,4.9,2.3,45.7,25.7,9.5,54.2,30.4,27.7,65.5,58.1,29.6,24,14,15.1,732,1874,13.4,69.4,41.7,41.5
Belmont (C),51,49,34,16.1,12.8,21.6,14.6,11.5,10,6.8,4.6,2.1,41.1,21.1,8.7,49.1,28.1,23.4,60.3,59.3,27,19,14,17,722,1725,11.4,72,41.7,38.6
Beverley (S),51,49,53,15.7,5.7,8,9.9,14.2,18.8,16.8,8.4,2.4,54.8,9,7,69.6,28.4,14.1,84.5,55.3,33.3,9.9,10.3,15.8,532,1264,2.2,53.7,56.7,32
Boddington (S),53.1,46.9,39,21.7,7.8,12.7,15.1,16.5,13.1,8.4,4,0.8,52.5,11.4,7.7,74.3,39.8,14.7,87.1,61.4,23.2,11.5,10.1,19.9,809,2097,3.9,67.2,40.7,45.6
Boyup Brook (S),50.2,49.8,49,18.7,5.8,7.1,12.4,15.5,16.6,15,6.8,2.1,56.8,10.4,7.4,78.3,30.3,18.6,89.7,55,31.8,9.6,8,10.9,600,1363,1.7,49.3,53.7,36.4
Bridgetown-Greenbushes (S),48.6,51.4,49,17.5,8.3,6.5,11,14.9,17.8,15.8,6.3,1.9,54.2,12.4,8.5,69,37.5,14.5,89.3,50.3,37.2,14.1,9.2,17.6,518,1284,1.5,66.9,54.8,33.4
Brookton (S),50.5,49.5,48,16.7,8.5,8.7,10,15.9,12.7,15.3,8.4,3.9,52.5,8.1,6,77.9,26.8,12.4,84.9,54,30.5,8.8,7.7,8.2,661,1468,0.8,50.5,50.2,36.5
Broome (S),50.1,49.9,33,23.9,10.7,17.7,16,13.6,11.3,4.7,1.4,0.3,36.3,17,8.2,72.7,35.8,27.5,76,62.5,24.5,20.6,13.7,14.8,898,2076,1.2,66.7,36.1,42.3
Derby-West Kimberley (S),50.5,49.5,30,25.7,14.3,17.9,13.7,12.3,10.2,4.3,1.4,0.5,32.4,10,4.1,83.8,22.8,16.5,48.5,61.7,16.8,21.4,10.8,11.4,433,1077,1.9,59.3,28.8,39.5
Broomehill-Tambellup (S),50.7,49.3,39,23.8,8.5,12.3,11.8,13.9,15.1,8.4,5.3,1,55.1,9.8,5.5,77.3,27.3,14.6,85.1,60.2,25.4,8,11.4,11,643,1404,0.6,51.8,43.1,40.1
Bruce Rock (S),51.8,48.2,47,19.4,6.4,10.5,11.1,12,16.3,15,7.2,2.1,57.8,11,6.7,80,28,19.6,88.6,65.1,27.5,10.6,7,11.8,687,1583,1.5,53.5,51.8,38.1
Bunbury (C),49,51,41,17.3,11.3,13.2,12.6,13.5,13.6,10.2,5.7,2.7,44.9,13.3,7.6,71.2,33,21.4,82.5,53.6,31.9,16.7,11.5,17.8,632,1502,2.3,77.4,44.1,35.2
Busselton (C),48.8,51.2,42,20.3,9.8,10.3,13.5,13.5,12.9,11.6,5.8,2.3,54,14.4,9,74.3,36.3,16.8,88.3,50.6,37.2,15,10.9,18.4,653,1581,2,71,43.8,41.8
Cambridge (T),49,51,40,21.1,12,10.6,13.5,15.1,11.8,7.4,5.4,3.1,55,46.9,9.5,65.6,34.3,25.5,81.1,55.5,35.2,41.9,11.5,6.7,1034,3306,10.6,64.2,34.9,54.4
Canning (C),50.2,49.8,34,17.5,16.1,16.5,13.5,12.5,10.7,7.6,3.9,1.7,50.9,29.3,9.6,44.7,28,19.8,55.6,52.1,33.2,24.1,13.3,14,615,1788,12,72.8,34.5,49.7
Capel (S),49,51,36,24.2,12.9,11,14.5,15.5,11.1,7.6,2.6,0.6,54.3,15.2,8.8,71.8,36,18.7,86.4,55.8,32,18,11.8,18.4,716,1937,2.7,76.6,35.3,49.2
Carnamah (S),53.1,46.9,46,19.3,8,11.2,11.1,15,18,10.9,5.5,0.9,45.4,8.4,6.5,75,30.6,17.8,88.3,73.1,18.3,11.8,11,16.1,698,1489,1.2,56.5,57.2,35.5
Carnarvon (S),52.2,47.8,39,20.3,10.2,13.7,13,15.3,13.6,8.8,3.8,1.2,40.8,9.7,5.5,65.8,31.4,24.7,72,63.1,21.9,12.5,12.7,13.4,693,1604,3,58.4,40.6,39.5
Chapman Valley (S),50.3,49.7,43,22.9,8.1,7.5,14,18.1,13.9,10.3,4.2,0.9,63.2,11.8,6.9,73.6,28.1,22.6,84.8,59.6,28.4,13.7,14.7,16.1,732,1932,1.5,64.5,44.1,48.6
Chittering (S),50.8,49.2,43,19.3,11.5,8.6,13.3,17.2,14.6,10.2,4.5,0.7,59.3,8.4,8.4,67.2,33.9,18.7,88.2,57.9,29.4,10,13.5,19.6,641,1856,3.6,66.9,46.6,45.8
Claremont (T),48.5,51.5,43,15.9,14.7,11.3,10.3,13.1,11.8,10.7,7.5,4.6,47,46.1,8.8,62.9,33.4,18.8,80.3,54.8,36.2,42.6,10.2,5.4,960,2989,13.5,61.5,41.8,43.3
Cockburn (C),49.4,50.6,35,20.1,12.5,16.1,15.7,13.7,10.4,6.7,3.6,1.4,50.1,20.1,9.2,59.2,32.2,29.3,72.4,57.9,29.5,20.3,14.5,17.7,761,2038,9.7,74.5,35,48.9
Collie (S),50.4,49.6,41,19,12.2,11.2,11.1,13.7,15.1,11.3,4.7,1.7,47.1,5.1,5,79,35.2,21.1,88.5,51.8,30.1,8.5,9.7,23.5,512,1488,3.8,71.3,42.2,40.3
Coolgardie (S),53.5,46.5,33,23.2,12,16.5,13.4,15.3,11.6,5.9,1.9,0.2,41,6.1,5.2,67.1,36.3,16.5,81,64.8,18.5,8.8,8.7,22.9,757,2094,9.1,71,36.2,45.6
Coorow (S),55,45,52,14.4,5,9.1,9.7,15.1,22.7,17.2,5.5,1.2,56,6.8,7.4,81.6,33.9,16.2,91.4,61.1,25.2,6.9,11.3,11.1,549,1239,0.7,48.5,64.5,24.7
Corrigin (S),52.4,47.6,44,20.5,9,10,11.3,12.2,15.6,11.3,7.5,2.6,54.6,9.5,4.9,79.5,28.6,15,87.2,63.7,25.5,10.2,9.4,12,748,1672,0.7,57.6,54.5,32.5
Cottesloe (T),49.2,50.8,42,17.7,11.4,12.5,11,15,14.2,10.6,4.7,3,50.4,50.8,9.1,68.4,36.3,19.4,86.6,57.4,33.7,45.8,8.8,5.1,1218,3659,12.5,63.9,41.7,46.2
Cranbrook (S),51.6,48.4,46,18.1,6,10.3,13.7,13.2,17.9,13.2,6.4,1.1,59.7,8.4,6.3,73.4,30,13.6,88,64.4,25.1,5.5,7,8,612,1281,0.6,51.8,53,39
Cuballing (S),53.5,46.5,47,18.1,7,10.2,11.5,15.1,16.2,14.7,5.6,1.7,60.7,8.4,7,73.4,30,12.9,84.9,63.7,24.4,10.5,8.8,15.4,604,1421,1.3,60.5,57.9,35.7
Cue (S),56.9,43.1,52,15.8,6.3,14.6,8.4,8.9,25.6,15.7,4.7,0,33.7,9.8,6.1,60.8,29.6,15.9,71.4,57.4,25,16.4,8.2,9.8,534,949,NA,56.7,64.7,20.6
Cunderdin (S),55.3,44.7,37,19.3,16.3,11.4,12.6,11.3,13.6,8.6,5.3,1.6,51.2,7.3,4.7,74,29.2,17.3,82.9,61.2,26.4,10.8,10,14.1,633,1648,1,62.3,45.9,42.2
Dalwallinu (S),54.7,45.3,38,20.4,9.2,15.1,14.5,12.3,14.2,7.4,4.8,2.1,58.4,9.8,6.5,72.6,28.1,15.9,80,68.7,22.6,7.4,10.4,14.4,803,1767,0.6,61.4,43.6,47.6
Dandaragan (S),52.8,47.2,48,15.3,7.3,11.3,11.5,14.3,17.2,14.9,6.7,1.4,54.8,9.3,7,75.9,36,15.3,87.4,58.3,30.2,8.7,10.7,14.6,636,1445,2.3,58,55.6,32.8
Dardanup (S),49.4,50.6,37,21.6,12.1,13,12.7,13.4,11.8,8.3,5,1.9,52.6,9.7,7.5,76.5,34.9,20.7,88.6,54.7,32.2,11.9,11.7,20.5,670,1749,2.8,75.8,40.4,44.5
Harvey (S),50,50,38,22.2,11.5,11.8,13.3,14.1,12.5,9.1,4.1,1.1,55,10.8,7.8,72.9,33.2,22.8,85.9,54.9,31.1,12.8,11.6,19.6,662,1797,2.9,75.9,39.9,46.6
Denmark (S),49.6,50.4,49,17.2,8.8,6.6,10.8,14.9,16.7,16,7,2,50.8,20,10,66.9,47.3,9.6,86.9,43.5,43.8,19.7,10.3,15.2,544,1268,0.9,62.2,51.1,35.1
Donnybrook-Balingup (S),49.4,50.6,47,18,8.8,8.9,11.5,14.5,17.7,13.5,5.6,1.8,55.2,12.3,8.5,72.2,34.2,18.7,86.8,53.4,32.9,13,10,16,563,1425,1.8,65,51.8,36.9
Dowerin (S),50.2,49.8,43,23.2,7.5,10.4,11.6,12.4,14.2,12.9,6.2,1.6,58.1,9.1,7.1,85.2,33.1,11.4,90.8,62.4,29,8.5,7.8,10.1,641,1455,1.3,49.8,46.8,42
Dumbleyung (S),51.9,48.1,42,19.2,5.8,14.2,13.2,12.5,18,9.7,6.5,1,60.1,13.1,5,77.9,33.3,18.1,87.3,67.9,22.7,10.1,7.3,7.6,662,1309,NA,46,51.1,41.5
Dundas (S),54.7,45.3,47,14.1,7.2,14.9,9.3,19.9,18,12.6,3.1,0.8,34.3,5.9,4,61.6,34.2,20.5,79.1,66.3,18.3,8.4,8.1,20.3,612,1235,4.8,54.1,49,26.1
Esperance (S),50.3,49.7,40,20.6,12.1,11.5,12.3,14.7,12.5,9.5,4.9,1.8,48.4,9.6,6.5,75.3,33.1,16,85.6,57.6,30.9,13,11.5,15.3,682,1709,1.1,70,42.2,42.8
East Fremantle (T),48,52,43,18.3,11.5,9.7,13.1,16.9,14.4,8.8,5.3,2.3,49.9,39.1,10.5,69.8,38,26.8,85.3,55,34.8,36.3,11.5,9.5,938,2780,8.3,68.5,38.5,48.4
East Pilbara (S),66.7,33.3,34,15.2,9.5,27.7,20.7,15.9,9,1.9,0.2,0,41.2,8.9,5.3,61,32.6,17.6,62.6,77.6,10,11,5.3,28.5,1814,2536,25.3,40.2,31.8,53.9
Exmouth (S),52.4,47.6,37,20.7,9.1,15.3,16.7,14.6,12,9,2.3,0.4,47,14.8,8.5,73.8,45.4,16.1,86.3,58,29.5,14.5,11.3,20,816,2011,1.9,59.3,45.6,43
Fremantle (C),48.3,51.7,42,14.2,9.9,15.8,13.9,14.6,13.5,9.7,5.8,2.5,39.1,33.5,8.8,60.8,42.4,23.1,76.8,54,33.4,35.3,10.4,11.5,778,2173,12.6,62.2,44.3,37.8
Greater Geraldton (C),49.6,50.4,38,20.9,12.6,12.2,12.8,14.6,12.3,8.4,4.7,1.7,46.1,10.5,7.2,76.5,29.8,26.8,83.9,55.6,29.5,16.1,12.4,17,662,1674,1.8,75.9,40.2,40.4
Gingin (S),51.8,48.2,47,16.9,8.5,9.6,10.9,14.1,16.8,15.4,6.4,1.3,53.5,8.1,6.3,65,32.8,17.7,83,54.6,31.3,7.1,9.9,15.6,567,1329,3.2,61.8,53.6,35
Gnowangerup (S),54,46,40,20.2,8.9,14.5,12.3,14.8,17.1,8.5,3.1,0.7,55.7,9.2,7,74.7,28.9,12.3,84.9,66.1,24.8,7.6,10.1,13,759,1676,2.3,57.4,44.6,42.2
Goomalling (S),49.9,50.1,45,20.3,7.4,10.3,11.3,14.2,15.3,11.6,6.8,2.6,49.6,10.1,5.8,79,27.4,27.2,88.7,56.1,33.3,8.9,11.9,11.9,668,1625,NA,58,48.5,38.8
Gosnells (C),50.8,49.2,34,20.9,13.5,16.2,14.9,12.6,10.1,7,3.5,1.2,51.3,17.3,8.4,51.2,27.4,19.5,62.2,56.2,29.2,15.4,14,17.6,636,1656,9.6,76,32.1,50.1
Halls Creek (S),49,51,28,26.6,16.6,18.4,13.6,10.5,9.1,3.9,1,0.2,31.5,8,2.9,82.6,14.4,27,44.9,57.5,16.3,24.3,7.5,10.6,359,809,3.3,38.9,25,37.4
Wyndham-East Kimberley (S),49.4,50.6,33,23,12.9,17.3,14.3,14.6,11.6,4.8,1.3,0.3,32.9,14.1,6.7,74.1,35.7,24,76.2,68.1,18.4,18.9,12.8,14.5,864,1950,2.1,64,38.2,38.6
Irwin (S),50.4,49.6,49,17,8.4,7.9,10.8,13.7,16.6,16,7.2,2.4,53.7,7.1,7.2,78.3,32.8,19.4,91.5,50.2,34.6,11.2,12.5,19.5,547,1351,2.2,65,53.8,34.4
Jerramungup (S),55.4,44.6,41,20.3,6.4,14.6,11.4,15.6,17.2,9.3,4.3,0.8,51,11.1,6.6,74.5,39.3,14.5,83.9,69,25,7,7.2,12.7,794,1637,0.5,56.2,48.7,40.7
Joondalup (C),49.6,50.4,40,19.2,13.3,11.2,13.5,15.2,13.5,9,3.6,1.6,55.4,23.5,11,58,32.9,23.3,85.3,54.8,33.6,23.5,15,15.9,776,2230,10.5,71.6,36.3,50.5
Kalamunda (S),49.5,50.5,39,19.4,12.6,12.3,13.3,13.9,12.1,9.6,5.1,1.6,52.2,17,9.5,64.9,32.8,22,82.6,57.9,30.1,17.1,15.7,17.7,732,1932,5.7,76,38.8,45.9
Kalgoorlie/Boulder (C),52.1,47.9,33,23,12.8,17.8,15,14,10.5,4.5,1.8,0.5,43.8,12.1,6.3,65.8,33.4,22,78.6,67.2,21.3,14.3,10.7,21.2,974,2377,4.2,78.5,34.8,49.8
Katanning (S),51.1,48.9,40,20.3,11.3,12.2,12.3,13.7,13.2,9.2,5.7,2.3,51.1,8.4,4.5,65.8,25.6,12.8,67.8,61.5,26.3,12.3,9.3,14.2,667,1400,1.7,75.9,43.9,38.7
Kellerberrin (S),50.2,49.8,48,17.8,8.7,9.8,9.9,15.8,13.5,12.2,8.6,3.7,51.3,7.3,5.4,79,29.2,16.3,87.3,56.6,33.1,8.9,6.7,15.2,526,1292,2.5,55.2,47.9,35.4
Kent (S),56.3,43.7,39,22.3,6.1,11.4,17.2,16.4,11.8,10.6,3.5,0.5,68.6,12.3,6,78.6,30.3,13.7,85.3,67.8,25.7,7.5,8.1,5.4,856,1589,1,41.3,40.8,53.5
Kojonup (S),50.6,49.4,44,21.2,6.8,11.6,10.4,15.9,14,10.6,6.3,3.1,56.1,12.8,6.7,76.6,28.7,16.3,86.7,62,28.1,10.5,8.3,10.4,720,1568,0.7,56,49.1,39.2
Kondinin (S),54.9,45.1,43,18.9,5.7,12.9,14,15.2,16,10.5,5.4,1.4,57.3,11.1,6.3,78.4,28.6,16.6,88.2,71.1,21.6,5.2,8.7,11.9,784,1570,1.2,53,48,39.9
Koorda (S),52.3,47.7,47,21.4,5.9,9.9,12.1,11.9,19.7,11.9,5.6,1.7,55,7.8,3.7,81.8,32.5,22.1,94.3,65.3,25.4,4.4,12.6,13.1,640,1458,1.6,55.9,48.3,40
Kulin (S),52.7,47.3,44,20.1,6.6,10.3,14.4,16.6,13.5,10.5,5.5,2.6,58.9,12.6,7.2,83.9,28.7,18.7,90.7,68.4,21.2,9.2,7.7,6.7,746,1607,0.7,47.6,53.4,40.2
Kwinana (C),51.3,48.7,32,22.3,13.3,19.5,15.3,11.9,8.5,5.5,2.8,0.8,45.9,14.3,7.7,58,33.7,19.1,71.4,57.4,26.5,14.2,13,18.5,684,1669,13.6,71.4,33.4,46.4
Lake Grace (S),52.5,47.5,40,22.4,6.5,13,13.8,14.8,15.4,9,4.3,0.9,57.4,12.2,6,79.3,28.3,19.2,86.4,68.1,22.9,7.6,8.5,13.4,899,1944,1.6,51.1,46.8,44.8
Laverton (S),68.2,31.8,36,12.6,9,26.5,14.6,18.2,13.5,3.6,2,0.3,34.7,8.2,5,63.6,27.5,13.9,64.5,74.8,9.5,11.1,5.3,25.6,1597,888,24.2,43.5,41.9,31.5
Leonora (S),62.7,37.3,35,16.3,8.4,25.3,17.5,16.4,10.4,4.4,0.9,0.4,38,9.1,5.4,59.6,34.3,14,70.2,77.1,12.3,12.2,6.8,21.1,1443,2048,20.7,45.9,37.9,42.2
Mandurah (C),48.5,51.5,43,18,11.4,10.9,11.5,12.9,12.7,12.5,7.5,2.6,50.4,10.7,8.6,65.5,32.9,18.5,86.8,51.6,31.4,14,11.5,19.7,555,1435,7.5,71,45.7,37.2
Manjimup (S),50.4,49.6,45,18.7,10.7,9.1,10.9,15.2,15.5,11.5,6.2,2.2,50.7,9.7,6.3,74.6,36.7,20.5,86.1,54.8,32.3,11.5,10.7,13.4,594,1394,1.2,68.4,48,36.7
Meekatharra (S),59.3,40.7,35,16.9,9.8,21.4,15.9,14.1,12.8,6.9,1.1,0.9,32.7,10.7,6.2,63.6,32.7,15.3,72.3,70.3,13.2,18.2,7.5,15.2,992,1399,8.8,43.8,39.3,29.3
Melville (C),48.2,51.8,41,17.1,13.4,11.5,12.5,13.8,13,9.6,5.7,3.3,52.9,33.3,10.3,60.8,31.3,25.4,75.3,54.4,34.6,31.2,14.1,10.8,757,2281,10.3,70.4,37.8,47.6
Menzies (S),63.7,36.3,38,11.1,14,20.4,15.9,17.1,13.9,6.7,1,0,39.4,7.8,3.1,74.1,26.9,14.3,49.2,73.8,7.4,14.7,9,26.1,776,928,25.9,25.5,30.8,43.1
Merredin (S),52.6,47.4,38,19.6,15.1,11.9,11.2,13.2,13.3,9.3,4.3,2,47.7,9.3,5.7,76.3,35.2,20.4,85.6,61.5,26.1,12.5,11.3,16,661,1708,1.7,68,46.2,38.1
Mingenew (S),56.4,43.6,42,19.5,8.5,13.9,11.9,12.9,18.8,8.3,4.7,1.6,51.7,9.5,5,81.6,31,22.3,90.6,63.6,26.8,5.7,6.6,10.9,732,1416,2.6,55.4,49.6,40.5
Moora (S),51.8,48.2,41,21.3,10.8,10,13.2,14.7,13,9.9,5.1,2,49.9,9.5,5.7,77.4,27.5,23.5,87.4,62.8,26.6,9.4,11.2,13.9,707,1760,1.1,64.8,42.1,43.3
Morawa (S),53.3,46.7,38,20.6,15.3,11.2,10.8,11.8,15.5,6.2,6,2.4,44.1,10.8,5.3,82,29.9,23.1,88.9,59.9,25.3,13.6,6.3,9.3,560,1357,NA,56.7,41.9,40.7
Mosman Park (T),46.4,53.6,40,17.3,12.9,13.5,12,14.8,11.7,10.6,5.1,2.1,47.7,42.4,8.6,59.7,34,19.9,78.7,53.3,36.3,37.6,11.2,7.4,894,2887,13.5,64.8,40,45.9
Mount Magnet (S),54.8,45.2,42,18.6,9.7,12.7,12.8,15.5,16.1,12.5,1.4,0.6,33.3,8.2,3.5,64.8,31.9,16.8,72.5,61.4,22.2,15,10.7,16.4,526,1399,2,58.9,48.4,34.1
Mount Marshall (S),54.1,45.9,42,22.2,4.7,14.2,15.4,17.3,11.4,10.4,3.4,1.1,57.2,9.2,5.5,80.9,28.8,18.2,91.7,69.1,21.5,7.1,4.5,8.6,684,1451,1.1,47.6,45,47.9
Mukinbudin (S),53.2,46.8,43,21.1,5.1,14.5,12.2,11.2,15.7,10.4,7.4,2.4,65.5,10.4,5,80.6,24.1,14,91.4,68.9,23.4,8,7,10.5,647,1601,1.1,44.6,53.2,38.6
Mundaring (S),52.2,47.8,42,17.4,12.2,11,12.9,16,13.9,10.6,4.5,1.6,52.2,16.8,9.5,70.2,36.1,17.2,84,55.2,32.5,19.8,13.9,17.4,692,1957,6.1,74.1,40.8,45
Murchison (S),55.8,44.2,37,18.7,15.3,14.6,9.8,22.9,16.7,2.1,0,0,45.2,8.4,3.4,64.8,22.9,22.9,62.3,71.2,8.5,8.9,6.7,6.7,562,1775,NA,35.1,32.1,42.9
Murray (S),50.1,49.9,44,18.8,11,9.7,11.5,13.7,13.8,12.9,6.8,1.8,51.9,7.3,6.7,73.1,33.5,18.1,89.3,51.9,32.1,10.6,10.1,20.2,543,1460,4.4,68.4,46.6,37.9
Nannup (S),51.7,48.3,53,15.6,6,6.9,9.1,16.1,20.5,18.9,5.7,1.4,49.6,12.9,9.2,69.1,41.6,11.8,88.9,49.3,36.9,11.4,6,13.6,515,1189,0.7,52.9,58.4,28.2
Narembeen (S),50.6,49.4,46,16.9,7.4,14.8,7.9,13.5,17,12.6,6.9,3.1,59.4,9.4,4.8,78.6,29.1,19.7,88.4,68.2,22.3,7.8,8.5,11.2,763,1625,1,48.3,55.5,35.8
Narrogin (S),48.8,51.2,40,20.8,12.8,10.9,10.8,12.6,13.9,10,5.5,2.6,47.8,11,6.9,73.3,28.9,19.6,83.9,58.5,28.4,16.7,10.3,16.3,635,1527,1.4,72.1,40.9,39.2
Nedlands (C),49.4,50.6,41,19.8,14.5,8.5,11.5,14.6,13.1,10.3,5.1,2.7,56.3,51.7,7.9,63.8,32.1,21.3,80.5,53.1,37.7,45.5,11.2,4.5,987,3559,9.5,64.9,34,54.3
Ngaanyatjarraku (S),48.8,51.2,29,24.7,17.8,18.7,14.1,11.1,8.1,4,1.4,0.2,53.8,5.3,1.7,89.8,7.2,NA,9.9,38.2,24.6,26.4,6.7,3.5,307,705,NA,32.5,24.2,44.4
Northam (S),51.5,48.5,42,18.9,10.9,12,12.4,13.2,15.1,11,5,1.8,46,7.9,6.3,69.9,29.2,20.3,81.8,56.5,28.9,12.7,13.2,16.5,581,1468,1.8,72.1,43.9,37.1
Northampton (S),52.2,47.8,51,15.2,7.8,7.6,10.4,15.3,19.8,15.7,6.2,1.9,52.3,7.3,6.6,76.3,32,20.3,87.9,51.3,32.9,10.7,8.1,10.7,530,1296,2.6,52.8,56.8,32.2
Nungarin (S),52.8,47.2,44,18.4,12.7,7.3,10.4,13.5,20,8.8,5.7,3.1,48.5,7.4,7.9,80.2,38,18,89.1,65.5,27.4,8.9,12.5,10.7,615,1333,2.6,63.2,50.8,41.3
Peppermint Grove (S),42.3,57.7,39,19.3,19.8,7.9,7.5,14.4,13.7,9.3,5.8,2.5,53.1,45.1,7.8,67.8,30.2,21,84.5,51.3,41.8,41.3,9.8,4.8,1061,4146,8.8,62.6,35.8,51.9
Perenjori (S),64.4,35.6,42,14.5,6.7,19.8,13.8,18.4,16.8,7.1,1.7,1.3,51,7.6,5.3,75.8,36.8,15.1,86.8,74.1,17.6,6.7,5.3,17.1,1188,1699,13.6,47,49.1,42.9
Perth (C),52.6,47.4,32,5.2,17.1,35.6,14.1,9.5,8.8,6.3,2.7,0.7,33.3,39.3,8.9,29.8,34.2,17.3,46.9,62.1,23.4,34.6,11.6,9.9,928,2291,25.9,36.7,70,19.3
Vincent (C),49.9,50.1,34,14.1,11,25.6,16.2,12.6,9.7,5.6,3.2,2,37,40.8,9,56.8,40,23.6,69.9,61.5,28,38.1,11.5,10.4,992,2553,15.3,56.3,48,38.8
Pingelly (S),50.7,49.3,50,16.9,8,8.4,8.3,13.7,19,15.1,8.6,2.1,52.1,5.4,7.1,76.1,28,14.3,87.8,53.3,30.1,7.5,10.2,11.4,484,1112,0.9,55.3,53.3,29.7
Plantagenet (S),51.4,48.6,46,17.5,9.8,8,11.9,15.8,16,13.1,5.9,1.9,51.6,9.9,8.1,71.6,36.9,10.1,84.6,51.6,34.5,10.4,10.7,12.6,534,1275,0.8,62.7,49.7,35.3
Port Hedland (T),53.4,46.6,31,23.7,10.9,22.6,16.7,14.1,8.5,2.5,0.8,0.2,44.4,12,7.7,63.1,33.6,20.7,70.4,70.2,16.9,13,11.3,25.3,1355,3014,2.1,76.4,37.3,49.2
Quairading (S),49.4,50.6,52,16.5,6.6,9.6,7.8,14.9,19.5,13.6,8.8,2.7,52.5,8,5.7,76.4,26.8,18.5,85.7,54.4,29.1,9.5,7.5,10,545,1154,1.3,55.8,53.7,27.8
Ravensthorpe (S),54.4,45.6,45,17.8,5.8,12.6,13.2,14,15.5,14.9,5.3,0.9,55.7,9.7,8.1,70.9,32.3,14.2,84.4,63.4,22.8,7.3,8.7,16.2,676,1507,10.2,50.1,54.4,36.2
Rockingham (C),49.6,50.4,34,22.3,13.4,14.6,13.8,13.8,10,7,3.9,1.4,48.6,10.6,8.9,60.6,37,17.7,85.2,56.9,27.9,13.4,12.5,20.5,682,1812,9.2,72.1,35.3,47.5
Karratha (C),55.6,44.4,31,24.8,11.3,21.3,18.5,14.1,7.6,2,0.4,0.1,47.1,13.8,7.8,66.6,35.1,21.1,74.5,69.4,17.9,14.2,11.8,24.5,1350,2951,8.1,70.3,32.6,54.9
Serpentine-Jarrahdale (S),50.7,49.3,32,23.9,13,16.7,13.9,13.7,9.8,6,2.4,0.7,52.8,11.2,8.8,68.4,36.7,15.8,83.7,60,27.9,12,14.3,21,773,1951,5.2,74.8,36.1,51.1
Shark Bay (S),54.1,45.9,43,17.3,5.7,13.5,14.5,13.1,15.7,15,4,1.5,46.7,11.4,6.5,72.5,38.4,20.5,84.5,60.1,28.1,11.4,9.7,16.9,648,1399,1,50,56.6,35
South Perth (C),48.9,51.1,37,14.5,15,17,12.9,12.5,12.3,8.7,4.3,2.7,44.7,38,9.2,57,32.2,22.8,71.3,57.2,31.3,35.1,13.1,9.6,840,2385,12.8,66.7,43.9,40.3
Stirling (C),48.8,51.2,36,16.9,11.5,18.8,14.4,12.5,10.6,7.9,5.1,2.3,46.4,28.9,9.8,55.4,28.7,25.7,66.3,57,31.3,26.7,13.4,13.5,766,2001,10.8,72.3,40.7,42.8
Subiaco (C),48.7,51.3,36,14.7,14.6,18.6,13.3,11.4,10.8,9.3,5.1,2.2,41.4,50.1,7.8,53.1,40.4,17.1,70.8,56.2,31.6,46.1,10,6.3,892,2609,17.1,49.8,46.3,40.1
Swan (C),49.7,50.3,34,21.7,13.7,15.8,14.5,13.8,10.2,6.3,3,1,48.6,14,8.9,60.2,30.5,22.4,72.5,58.2,28.4,14.1,14.8,17.5,716,1811,7,75.9,33,48.4
Tammin (S),54,46,38,22.9,9.1,12.1,12.6,16.8,11.7,10.4,3.7,0.7,42.8,11.6,5,77.5,23.6,20.3,84.6,63.4,27.3,6.7,10.1,7.8,661,1589,1.8,65.9,37.2,47.9
Three Springs (S),51.3,48.7,40,23.9,6.8,12.5,10.8,11.8,14.3,13.6,3.3,2.9,52.3,9.3,6.6,76.4,34.7,17.3,87.9,68,21.2,8.7,5.1,11.8,610,1406,1.5,59.1,43.8,39.9
Toodyay (S),50.6,49.4,51,14.7,8.8,6.7,9.4,17.5,19.5,16.6,5.9,0.8,54.8,10.4,8.7,67.9,34.6,15.7,87.3,53.5,31,14.1,12.2,18,560,1425,3.6,65.5,57.3,30.8
Trayning (S),55.5,44.5,50,13.9,9.3,6.5,9.3,20.5,17.1,14.6,4.9,3.7,43.3,5.2,5.2,73.7,30.3,19.7,83.1,58.3,27.1,4.4,3.7,9.6,556,1339,NA,53.1,59,30.1
Upper Gascoyne (S),57,43,26,29,15.9,17.6,10,10.8,9,6.6,1,0,37.6,9.2,4.9,82.4,53.5,10.9,80.7,54.7,18.6,6.1,6.1,15.9,419,700,NA,29.9,29.2,29.2
Victoria Park (T),49.8,50.2,34,13.5,13.9,23.4,14.9,11.2,9.4,6.3,4.1,3.2,39.1,31,9.4,51,34.6,20.6,64.1,57.9,28.9,28.7,12.6,13.6,766,1998,16.8,63.6,46.8,36.6
Victoria Plains (S),54.2,45.8,45,18,8,10.5,12.8,19.2,14.7,10.8,5.3,0.6,53.8,10.8,7,74.8,29.7,21.3,86,65.7,25.1,4.8,7.4,10.3,706,1602,0.7,55.3,45.5,44.7
Wagin (S),49.1,50.9,49,17.8,8.4,7.7,10.6,13.6,17,14.7,6.7,3.3,52.9,7.3,5.1,75.1,29.2,15.3,88.5,55,32.2,10,9.2,13.1,539,1274,1.2,65,52.1,31.2
Wandering (S),50.8,49.2,47,21,4.6,8.5,12.6,18.6,15.3,11.6,6.8,0.9,68.2,8.3,5.8,80.6,33.6,12.9,87.1,63.6,24.3,4.9,7.4,16.2,748,1777,3.3,55.1,55.8,39.2
Wanneroo (C),49.4,50.6,33,23,13.9,15.6,15.1,13.6,8.9,5.9,3,1,50.8,14.7,9.6,52.7,31.8,20.9,74,56.3,30,15.3,14.2,18.9,709,1875,9.5,74.5,31.2,51.6
Waroona (S),49.9,50.1,45,18.7,10.2,9.6,10.8,15.1,14.9,11.4,7,2.3,51.6,6,6.4,71.6,29.5,25.6,83.5,53.4,29,8.3,9,22.5,558,1464,2.2,68.4,44.3,39.6
West Arthur (S),51.6,48.4,47,18.9,7,9.7,11.1,16.9,17.4,11,5.3,2.8,59.5,9.6,5.5,82.4,33.9,13.9,90.7,54.9,33.6,5.9,8.6,7.6,635,1324,NA,49.2,53.8,34.4
Westonia (S),60.1,39.9,42,15.6,8.3,12.3,17.9,15.2,17.9,7.7,5,0,53.3,13,5.7,68.7,26.6,21.7,80.4,73.7,18.7,7.7,7.7,19.6,1099,2071,4.8,57.5,53.2,41.9
Wickepin (S),52.4,47.6,46,19.8,6.6,11.5,10.8,16.2,15.5,11.7,5.8,2,55.3,7.6,6.9,86,38.7,13.5,91.6,57.6,31.1,6.6,8,10,609,1402,0.8,50.6,55.4,36.6
Williams (S),53.2,46.8,43,20.2,6.5,13.3,11.8,12.2,19.1,10.6,5,1.3,60,12,7.9,82.9,32,15.6,89.8,62.7,28.5,11,8.2,8.9,825,1837,0.6,58.2,51.9,39
Wiluna (S),68.3,31.7,35,11,10.3,27.6,19.5,15,10.8,5.3,0.5,0,31.2,9.5,3.7,62.1,29.3,10.8,52.6,78.1,9.4,12.8,4.5,23.5,1345,860,24.7,29.8,36.1,25
Wongan-Ballidu (S),53.3,46.7,41,21,7.4,13.1,12.8,14.1,15.3,10.4,3.7,2,53.5,9.6,6.1,82.7,32.9,18.8,92.7,59.9,27.9,10.4,10.4,15.2,717,1495,1.8,57.7,46.8,39.7
Woodanilling (S),52.6,47.4,43,21.2,6.5,10.1,14.1,16.8,17.8,9.2,4.2,0,55,14.3,6.3,79.5,36.8,9.9,92.2,62.4,22.1,10,6.2,11,748,1600,2.4,49,48.6,43
Wyalkatchem (S),53.2,46.8,53,14.4,5.4,10.9,8.4,14.4,17.4,14.6,10.2,4.4,49.2,7.6,4.7,76.7,33.4,14.6,86.7,57.5,30.4,8.4,13.7,6.8,511,1166,NA,60,55.7,32.2
Yalgoo (S),64.8,35.2,39,9.9,12.1,22,14.1,17.9,17,3.5,2.7,0.9,30.6,12.5,6.2,64.2,29.1,26,79.4,70.8,15.8,12.6,8.4,20,1483,2150,15.7,34.5,41.2,26.5
Yilgarn (S),60.8,39.2,45,12.8,7,14.3,13.7,20.2,15,10.2,4.8,2,48.6,6.2,4,69.8,26.3,27,83.3,65.9,19.8,5.5,7.5,20.1,861,1807,9.4,52.9,50.6,32.6
York (S),50.2,49.8,51,17,7.8,7.4,9,14.4,17.9,16.6,7.6,2.3,53,11.3,8.5,71.9,32.9,14.6,87.2,54.1,34.2,13.2,11.6,13.8,540,1368,1.8,64.2,54,30.8
